bransje,navn,orgnr,adresse,poststed,stiftet,alder
Frisør,0-STRESS FRISØR AS,923271805,Dragsundvegen 6,6080 GURSKØY,2019-06-28,7
Frisør,10NA'S FRISØR AS,818874502,Skytterveien 18,5038 BERGEN,2017-03-19,9
Frisør,2 ANNE FRISØR AS,997021126,Storgata 27B,4340 BRYNE,2011-05-26,15
Frisør,2ND FLOOR STUDIO AS,934144112,Breigata 16,4006 STAVANGER,2024-09-18,2
Frisør,3442 FRISØR AS,924571403,Lavaløkka 38,3442 HYGGEN,2020-01-30,6
Frisør,5T STYLE AS,926677845,Gamlevegen 89B,2615 LILLEHAMMER,2021-02-03,5
Frisør,A K DAME OG HERREFRISØR AS,825554432,Eggedalsveien 1500,3359 EGGEDAL,2020-08-09,6
Frisør,A M FRISØR AS,932747154,St. Olavs gate 31,0166 OSLO,2023-11-27,3
Frisør,A&H FRISØR AS,825604502,Skjettenveien 2B,1466 STRØMMEN,2020-08-08,6
Frisør,A2 FRISØR OG MULTISERVICE AS,834340372,Nermoan 23,7334 STORÅS,2024-10-03,2
Frisør,ABZINT FRISØR AS,997745051,Oscars gate 35B,0258 OSLO,2011-12-08,15
Frisør,ACE FRISØR AS,926924583,Lakkegata 52,0187 OSLO,2021-03-19,5
Frisør,ACE OF FADES AS,931613529,Sinsenterrassen 2,0574 OSLO,2023-05-01,3
Frisør,ACI FRISØR AS,912558207,Bergsnevvegen 62,8664 MOSJØEN,2013-09-23,13
Frisør,AD STUDIO AS,930577200,Hønengata 70,3515 HØNEFOSS,2022-10-07,4
Frisør,ADAM OG EVA GLASMAGASINET AS,921403356,Linaaes gate 1,0179 OSLO,2018-08-15,8
Frisør,ADAM OG EVA HOMANSBYEN AS,921332165,Professor Dahls gate 3,0355 OSLO,2018-08-07,8
Frisør,ADAM OG EVA JESSHEIM AS,912400344,Gardermovegen 6,2050 JESSHEIM,2013-06-03,13
Frisør,ADAM OG EVA PALEET AS,933488926,Karl Johans gate 37,0162 OSLO,2024-04-17,2
Frisør,ADAM OG EVA STRØGET AS,927258757,Torggata 11,0181 OSLO,2021-03-25,5
Frisør,ADAM OG EVA STRØMMEN AS,930540420,Støperiveien 5,2010 STRØMMEN,2022-11-02,4
Frisør,ADAMS FRISØR AS,932986515,Brøløsvegen 64A,3840 SELJORD,2024-01-13,2
Frisør,ADAR AS,925059854,Eliesons gate 4,3044 DRAMMEN,2020-05-01,6
Frisør,ADEMIN BEAUTY AS,934459962,Stillverksveien 26,2004 LILLESTRØM,2024-09-27,2
Frisør,AFRO HAIR & ART AS,997213637,Kongsgata 34,4005 STAVANGER,2011-06-11,15
Frisør,AFRO HAIR SHOP AS,933674304,Prinsens gate 36,7011 TRONDHEIM,2024-03-17,2
Frisør,AFRODITE FRISØR AS,930116300,Vikersundgata 21,3370 VIKERSUND,2022-09-19,4
Frisør,AFRODITE HÅRSTUDIO AS,998603870,"C/O FIKS FRISØRSALONG, Ole Tobias Olsens gate 2",8622 MO I RANA,2012-06-21,14
Frisør,AFTERGLOW SALON AS,933356175,"c/o Miriam Peyro Andresen, Tøllemovegen 85",3540 NESBYEN,2024-04-13,2
Frisør,AG'S HAGE AS,915716326,"c/o Kristiansen & Starheim, Jutulveien 29D",0853 OSLO,2015-07-20,11
Frisør,AGATHE STUDIO AS,933541347,Fjæregata 1,7067 TRONDHEIM,2024-05-27,2
Frisør,AGATON SAKS FRISØRER AS,917231680,Engerdalsveien 1789,2440 ENGERDAL,2016-05-09,10
Frisør,AGATON SAX ANDENES AS,917446636,Storgata 11,8480 ANDENES,2016-06-27,10
Frisør,AGATON SAX MT AS,998575133,Toklebakken 2,9900 KIRKENES,2012-06-10,14
Frisør,AGS AS,999602312,"c/o Salong Hårfagre, Storgata 112",2390 MOELV,2013-01-01,13
Frisør,AHRUM AS,832329282,Meierigata 18,4340 BRYNE,2023-09-25,3
Frisør,ÀIMICUTTING PERMANENT MAKEUP AS,932401029,"c/o Ina Marita Gaup, Reistadhaugen 28",9513 ALTA,2023-10-16,3
Frisør,AK HÅRDESIGN AS,915770681,Sandvenvegen 27,5600 NORHEIMSUND,2015-07-30,11
Frisør,AKILLES NESODDEN AS,833924192,Tofaret 2B,1407 VINTERBRO,2024-08-07,2
Frisør,AKILLES SALONG AS,918898492,Ekebergveien 228C,1162 OSLO,2017-02-01,9
Frisør,AKILLES SALONG SÆTER AS,929624572,Gøteborggata 23,0566 OSLO,2022-07-31,4
Frisør,AKRAT AS,924475633,Sommerly 3,1900 FETSUND,2019-11-27,7
Frisør,AKS SAKS AS,998403189,Orkdalsveien 63,7300 ORKANGER,2012-05-10,14
Frisør,AL JASRI AS,919400064,Thorvald Meyers gate 47A,0555 OSLO,2017-07-07,9
Frisør,AL-MA AS,918848894,Kongevegen 152,2211 KONGSVINGER,2017-03-23,9
Frisør,ALAN FRISØR AS,927452081,Tollbugata 23,3044 DRAMMEN,2021-06-21,5
Frisør,ALAN'S BARBER SHOP AS,932518678,Torvgata 3,2000 LILLESTRØM,2023-10-26,3
Frisør,ALANYA FRISØR TROMSØ AS,913564804,Storgata 80-82,9008 TROMSØ,2014-04-23,12
Frisør,ALBERTINE FRISØR AS,920293565,Narviga 5,4633 KRISTIANSAND S,2018-01-02,8
Frisør,ALEM CONSULT AS,933979075,Gjerdrumsvegen 17B,2040 KLØFTA,2024-08-08,2
Frisør,ALEX FRISØR AS,918338217,Bragernes torg 1A,3017 DRAMMEN,2016-12-09,10
Frisør,ALFAKRØLL FRISØR AS,826464062,"c/o Borg Storsenter, Klokkergårdveien 31",1711 SARPSBORG,2021-01-02,5
Frisør,ALINA B. AS,932733315,Mellomgata 16,4013 STAVANGER,2023-11-24,3
Frisør,ALINA FRISØR AS,914937892,Ingeskjeret 8,5918 FREKHAUG,2015-01-25,11
Frisør,ALISE KVAMMEN AS,915581455,Naustdalsvegen 1B,6800 FØRDE,2015-06-01,11
Frisør,ALL FOR YOU AS,911897709,Lysaker torg 10,1366 LYSAKER,2013-04-01,13
Frisør,ALLSTARBARBER ONWHEELS AS,933475824,Ødegårds vei 59,1470 LØRENSKOG,2024-03-25,2
Frisør,ALTA HÅRPLEIE AS,913480198,Bekkefaret 2,9513 ALTA,2014-03-25,12
Frisør,ALTAIE FRISØR AS,918836802,Altaveien 88,9513 ALTA,2017-03-10,9
Frisør,ALZOBAIDI AS,926775871,Sveiogata 65A,5550 SVEIO,2021-02-25,5
Frisør,AM FRISØR 2 AS,928703878,"c/o AM Frisør, Kleppevegen 110",5308 KLEPPESTØ,2022-01-22,4
Frisør,AM SALONGEN AS,816723892,Olavs gate 24,3256 LARVIK,2016-01-01,10
Frisør,AMANDA FRISØR AS,925758116,Gjekstadveien 4,3218 SANDEFJORD,2020-09-16,6
Frisør,AMAZING FRISØR AS,915218326,Kjøpmannsbrotet 5,4351 KLEPPE,2015-03-18,11
Frisør,AMETYST FRISØR OG VELVÆRE AS,922182329,Nordbyveien 2,1734 HAFSLUNDSØY,2019-01-21,7
Frisør,AMIES AS,932612658,Christian Michelsens gate 8,5012 BERGEN,2023-11-16,3
Frisør,AMIGOS BARBERSHOP AS,930897752,Professor Smiths alle 55,3048 DRAMMEN,2023-01-05,3
Frisør,AMIN FRISØR AS,933912396,Havnegaten 4,4836 ARENDAL,2024-07-28,2
Frisør,AMIR FRISØR AS,928077810,Vassleitet 8B,7160 BJUGN,2021-10-12,5
Frisør,AMNT AS,918817182,Vibes gate 1B,0356 OSLO,2017-03-10,9
Frisør,AMOK AS,912341399,Sexes gate 2B,0577 OSLO,2013-09-02,13
Frisør,AMR INVEST AS,828596012,Hetlevikvegen 149,5304 HETLEVIK,2022-01-04,4
Frisør,AMY CLIPHOUSE AS,899002962,Krabberødveien 1,3960 STATHELLE,2012-10-04,14
Frisør,ANDRE SIDEN AV SPEILET AS,914382092,Kaffegata 19,2270 FLISA,2014-10-03,12
Frisør,ANETTE HØYÅSEN AS,930764639,Skippergata 41,4611 KRISTIANSAND S,2023-01-08,3
Frisør,ANETTES SALONG AS,997031830,Folldalslia 1L,5239 RÅDAL,2011-05-10,15
Frisør,ANGEL NAILS EIDSVOLL AS,930226386,Gladbakkvegen 1,2070 RÅHOLT,2022-10-21,4
Frisør,ANITA FRISØR AS,919268204,Langebruvegen 9,6800 FØRDE,2017-03-30,9
Frisør,ANKAS FRISØR AS,927834820,Storgata 26,9600 HAMMERFEST,2021-09-13,5
Frisør,ANN BEATE FRISØR AS,998898749,Bersvendveita 16,7011 TRONDHEIM,2012-09-10,14
Frisør,ANN HELEN FRISØR AS,826767782,Høyenhallveien 16,1446 DRØBAK,2021-01-04,5
Skjønnhetspleie,1820 SKIN CLINIC AS,929526678,Wilses vei 1A,1820 SPYDEBERG,2022-06-20,4
Skjønnhetspleie,2CE NAIL BEAUTY AS,832950602,Gamleveien 88,1461 LØRENSKOG,2024-01-24,2
Skjønnhetspleie,5 ZENZES AS,817539602,Josefines gate 26,0351 OSLO,2016-07-21,10
Skjønnhetspleie,A&E LUXURY AS,925572241,Gamleveien 88,1461 LØRENSKOG,2020-07-15,6
Skjønnhetspleie,A2 HUDKLINIKK AS,919394994,Nedre Korskirkeallmenningen 2,5017 BERGEN,2017-07-05,9
Skjønnhetspleie,ABSOLUTE DAY AS,932160420,Rådmann Paulsens gate 32,1461 LØRENSKOG,2023-09-01,3
Skjønnhetspleie,AD FONTE KLINIKKEN AS,929270053,Nymoens torg 4A,3611 KONGSBERG,2022-04-01,4
Skjønnhetspleie,ADORA FEMME AS,817987222,Melingsåsen 47,5384 TORANGSVÅG,2016-10-27,10
Skjønnhetspleie,AESTHETIC HUDPLEIE AS,832466042,Bølerveien 84,2020 SKEDSMOKORSET,2023-10-18,3
Skjønnhetspleie,AFRODITE'S BEAUTY AS,920610854,Lyveien 33,0777 OSLO,2018-02-11,8
Skjønnhetspleie,AGENDA HAIR AS,914889618,Sørhauggata 158,5527 HAUGESUND,2015-01-01,11
Skjønnhetspleie,AGUSTAS HUDPLEIE AS,928555151,Nygårdsveien 82,3221 SANDEFJORD,2022-01-01,4
Skjønnhetspleie,AK FOTTERAPI AS,923118268,Damfaret 25,0671 OSLO,2019-06-18,7
Skjønnhetspleie,AKSDAL HUDPLEIE AS,933030350,Rådhusvegen 45,5570 AKSDAL,2024-01-19,2
Skjønnhetspleie,ALFAR HAIR & BEAUTY DA,917102147,Storgata 96,3182 HORTEN,2016-05-05,10
Skjønnhetspleie,ALTA FOTKLINIKK AS,930290068,Heitmannåsen 10,9513 ALTA,2022-10-31,4
Skjønnhetspleie,AMANDAS HUDPLEIE AS,933024202,Gidsken Jakobsens vei 32,8008 BODØ,2024-02-06,2
Skjønnhetspleie,AMAZING ORI NAILS AS,929376811,"Ski Storsenter, Jernbanesvingen 6",1400 SKI,2022-04-07,4
Skjønnhetspleie,AMS DRIFT AS,925669598,"c/o Angelika Miller, Flatene 56",6814 FØRDE,2020-08-28,6
Skjønnhetspleie,ANA STUDIO AS,930192368,Schweigaards gate 61A,0656 OSLO,2022-10-20,4
Skjønnhetspleie,ANDRINES VELVÆRE AS,915728553,Torget 2,2760 BRANDBU,2015-07-23,11
Skjønnhetspleie,ANGEL NAILS SUPPLY AS,925216240,Stalsbergenga 21B,1466 STRØMMEN,2020-05-28,6
Skjønnhetspleie,ANITA ØSTNES AS,920236723,Ekelundstien 129,2004 LILLESTRØM,2017-12-06,9
Skjønnhetspleie,ANJA RØDFJELL BREDESEN AS,934058178,Skogbrynet 11,8618 MO I RANA,2024-09-02,2
Skjønnhetspleie,ANN MARIS HUD OG VELVÆRE AS,921190530,Svennskotveien 29,4905 TVEDESTRAND,2018-06-18,8
Skjønnhetspleie,ANNA AS,926551574,Repslagergata 13,8300 SVOLVÆR,2021-01-01,5
Skjønnhetspleie,ANNA'S BEAUTY PLACE AS,931426885,Liegata 1B,3717 SKIEN,2023-05-04,3
Skjønnhetspleie,ANNALENA B&B AS,925892092,Valderhaug 27,6050 VALDERØYA,2020-10-16,6
Skjønnhetspleie,ANNE LISES VELVÆRE AS,924785950,Bøgata 76,3800 BØ I TELEMARK,2020-03-11,6
Skjønnhetspleie,"ANNE,S HJERTEROM AS",930677353,Moveien 27,8250 ROGNAN,2023-01-03,3
Skjønnhetspleie,ANNOWI AS,831494042,Kirkeveien 362,3140 NØTTERØY,2023-03-01,3
Skjønnhetspleie,APELO AS,930635545,John Strandruds vei 16,1360 FORNEBU,2022-11-04,4
Skjønnhetspleie,AQUASPA AS,934259122,Trimveien 41A,3188 HORTEN,2024-10-14,2
Skjønnhetspleie,ARCTIC FEET AS,933487229,Dronningens gate 19,8514 NARVIK,2024-05-14,2
Skjønnhetspleie,ARDOR & COMPANY AS,926768123,St. Svithuns gate 12,4008 STAVANGER,2021-02-16,5
Skjønnhetspleie,ARENDAL HUDKLINIKK AS,926853635,Langbryggen 1,4841 ARENDAL,2021-03-01,5
Skjønnhetspleie,ARTIMIS MEDICAL BEAUTY AS,917016941,Bygdøy allé 55,0265 OSLO,2016-03-17,10
Skjønnhetspleie,ARTLINE BY LAURA AS,930918008,Sørhauggata 133,5527 HAUGESUND,2023-03-01,3
Skjønnhetspleie,AS BEAUTY BY DB SANDNES,930211796,Gamleveien 25,4315 SANDNES,2022-10-06,4
Skjønnhetspleie,ASHTI SKINCARE AS,917284350,St. Marie gate 111,1706 SARPSBORG,2016-05-01,10
Skjønnhetspleie,ASKER HUD OG VELVÆRE AS,820331052,Bankveien 7,1383 ASKER,2018-01-23,8
Skjønnhetspleie,AUDS HUDPLEIE MARKENS AS,918060588,Markens gate 24,4611 KRISTIANSAND S,2016-08-16,10
Skjønnhetspleie,AURA SKIN AS,923191321,Bøvegen 60,4260 TORVASTAD,2019-07-11,7
Tannlege,7 FJELL KJEVEORTOPEDI AS,925820148,Folke Bernadottes vei 38,5147 FYLLINGSDALEN,2020-09-30,6
Tannlege,A & S COMPOSITT AS,997887107,Bøveien 2,1389 HEGGEDAL,2012-01-05,14
Tannlege,ABC TANNKLINIKKEN AS,897039052,Olav Tryggvasons gate 24,7011 TRONDHEIM,2011-07-06,15
Tannlege,ABRA DENTAL AS,931185659,Trosterudstien 8E,0778 OSLO,2023-03-27,3
Tannlege,ACCEPT DENTAL AS,930081523,Stasjonsgata 70,3300 HOKKSUND,2022-09-09,4
Tannlege,AESAR DENTAL AS,932366282,Sorgenfrigata 15A,0365 OSLO,2023-08-15,3
Tannlege,AETERNITUS INVEST AS,820272862,Tronesgeilen 9,4317 SANDNES,2018-01-02,8
Tannlege,AFH CONSULT AS,927582317,Ørebekk allé 8A,1624 GRESSVIK,2021-06-25,5
Tannlege,AFNAN DENTAL AS,997686977,Haugsåsen 50,1350 LOMMEDALEN,2011-10-27,15
Tannlege,AGDER DENTAL AS,923202412,Storgaten 71,4877 GRIMSTAD,2019-07-21,7
Tannlege,AGNETAS AS,926307975,"C/o Agneta Dalheim, Lumberodden 28",4621 KRISTIANSAND S,2020-11-01,6
Tannlege,AGUILA AS,917253781,Gloppegata 25,5529 HAUGESUND,2016-05-12,10
Tannlege,AHZ AS,929528387,Tjørnahaugvegen 13,5545 VORMEDAL,2022-06-22,4
Tannlege,AI DENTAL TEKNIKK AS,934153707,Langeløkka 12,3029 DRAMMEN,2024-06-27,2
Tannlege,AKARO AS,928349128,Terneveien 10,4621 KRISTIANSAND S,2021-10-28,5
Tannlege,AKER BRYGGE KJEVEORTOPEDI AS,921229097,"v/ Zachrisson, Grundingen 6",0250 OSLO,2018-06-24,8
Tannlege,AKERSGATA TANNLEGEKONTOR AS,929549600,Akersgata 51,0180 OSLO,2022-07-03,4
Tannlege,AKSDAL TANNKLINIKK AS,913899962,Aksdal Senter,5570 AKSDAL,2014-06-16,12
Tannlege,AKTIV TANNHELSE AS,997939549,Lille Strandgate 3,2317 HAMAR,2012-01-12,14
Tannlege,AKTIV TANNKLINIKK AS,998174724,Gransdalen 29,1054 OSLO,2012-03-01,14
Tannlege,AKVAL INVEST AS,831441712,Merkurvegen 13,5099 BERGEN,2023-04-26,3
Tannlege,ALBUS DENT AS,931273000,Nedre Vilberg veg 8,2080 EIDSVOLL,2023-03-01,3
Tannlege,ALEXANDRA CHAMORRO AS,920184693,Rideveien 32B,1361 ØSTERÅS,2017-12-17,9
Tannlege,ALEXANDRU OANCA AS,933379930,Lyngveien 8,1524 MOSS,2024-03-26,2
Tannlege,ALHOUSAIN AS,931173766,Stavangergata 44B,0467 OSLO,2023-03-19,3
Tannlege,ALMAMED AS,933277054,Enggata 13,3520 JEVNAKER,2024-04-02,2
Tannlege,ALMELAND HELSE AS,925992879,Hardangerfjordvegen 615,5610 ØYSTESE,2020-10-23,6
Tannlege,ALNA TANNREGULERING AS,931966596,Dr. Dedichens vei 82,0675 OSLO,2023-05-22,3
Tannlege,ALVDENT AS,998557658,Kastellveien 12,4841 ARENDAL,2012-06-20,14
Tannlege,ALVENES DENTAL AS,912722791,"c/o Alvenes Dental, Vangsvegen 62",2317 HAMAR,2013-10-30,13
Tannlege,AMANDA ULSUND AS,929576985,Nedre Bakklandet 58C,7014 TRONDHEIM,2022-06-22,4
Tannlege,ANLIA DENTAL AS,932547740,Torggata 3,8622 MO I RANA,2023-11-09,3
Tannlege,ANNA FIKSER TANNA AS,928877000,Nedre Flatåsveg 440,7099 FLATÅSEN,2022-02-15,4
Tannlege,ANNAS TANNKLINIKK AS,920667619,Stortorvet 5,1607 FREDRIKSTAD,2018-02-23,8
Tannlege,ANNLAUG STENSLAND AS,918085106,Øvre Heien 6,5037 BERGEN,2016-09-22,10
Tannlege,APPEL INVEST AS,918609555,Tømtebakken 1C,1396 BILLINGSTAD,2017-02-01,9
Tannlege,ARASH AS,916390440,Skårersletta 10,1473 LØRENSKOG,2015-12-04,11
Tannlege,ARCHER DENTAL AS,928633756,Parkveien 60,0254 OSLO,2021-12-17,5
Tannlege,ARCTIC SMILE TANNREGULERING AS,920428878,Dr. Wessels gate 3,9900 KIRKENES,2018-02-04,8
Tannlege,ARENDAL TANNHELSE AS,934308174,Myrheia 10C,4950 RISØR,2024-10-07,2
Tannlege,AREZASTO AS,913945743,Brentåsveien 21,3229 SANDEFJORD,2014-06-25,12
Tannlege,ARKADEN TANNHELSE AS,928224546,Klubbgata 5,4013 STAVANGER,2021-11-15,5
Tannlege,ARTADENT PARADIS TANNKLINIKK AS,830987452,Paradisleitet 1,5231 PARADIS,2023-01-23,3
Tannlege,AS TANNLEGE KLOUMAN,925400645,Skippergata 1B,4611 KRISTIANSAND S,2020-06-10,6
Tannlege,ASAP AS,925244007,"c/o Tommy Berg Larsen, Svingen 8C",8516 NARVIK,2020-06-12,6
Tannlege,ASK TANNHELSE AS,929080173,Ask 26,2022 GJERDRUM,2022-03-24,4
Tannlege,ASKER OG BÆRUM TANNKLINIKK SANDVIKA AS,921883811,Elias Smiths vei 10,1337 SANDVIKA,2018-11-24,8
Tannlege,ASKER TANNHELSE AS,997634217,Smuget 1,1383 ASKER,2011-11-02,15
Tannlege,ASKER TANNLEGEVAKT AS,928039927,Strøket 7,1383 ASKER,2021-09-07,5
Tannlege,ASKIM TANNHELSESENTER AS,934157540,Dr.Randers gate 4,1830 ASKIM,2024-09-01,2
Tannlege,ASTAFJORD TANNKLINIKK AS,919870001,Strandveien 6,9350 SJØVEGAN,2017-10-16,9
Tannlege,ATELIER ESTETIKK DENTAL AS,922048290,"c/o Lubomir Sabev, Maries gate 12C",0368 OSLO,2018-12-16,8
Tannlege,ATLE TRONDSEN AS,996612783,Måkeveien 58,0139 OSLO,2011-02-10,15
Tannlege,AURORA TANNHELSE AS,928459470,Gamle Ringeriksvei 34,1357 BEKKESTUA,2021-10-18,5
Tannlege,AUSTEVOLL TANNHELSETEAM AS,930190039,Birkelandsvegen 2,5392 STOREBØ,2022-10-10,4
Tannlege,AWAN DENTAL AS,918537015,Dr. Lunderbys veg 5,2230 SKOTTERUD,2017-01-20,9
Tannlege,BAKKAUNET TENNER OG KOS AS,926461478,Bakkaunvegen 6,7068 TRONDHEIM,2021-01-08,5
Tannlege,BAKTUS AS,999563902,Storgaten 33,4876 GRIMSTAD,2013-01-11,13
Tannlege,BALSFJORD TANNKLINIKK AS,912543471,Balstun 2,9050 STORSTEINNES,2013-09-30,13
Tannlege,BC TANNLEGE AS,932436655,Frognerveien 33A,0263 OSLO,2023-10-09,3
Tannlege,BCH DRIFT AS,812252542,Storehagen 3,6800 FØRDE,2013-07-04,13
Tannlege,BEKKESTUA TANNLEGESENTER AS,921360207,Bærumsveien 206,1357 BEKKESTUA,2018-08-03,8
Tannlege,BEKKESTUA TANNMEDISIN AS,916751478,Gamle Ringeriksvei 37,1357 BEKKESTUA,2016-02-15,10
Tannlege,BENKE INVEST AS,819716552,Kongsveien 94,1177 OSLO,2017-07-05,9
Tannlege,BERGESEN TANNHELSETEAM AS,925590584,"Sartor Storsenter, Sartorvegen 12",5353 STRAUME,2020-08-22,6
Tannlege,BERJA TANNKLINIKK AS,834671522,Herman Foss gate 4,3611 KONGSBERG,2024-12-02,2
Tannlege,BETELGEUSE CSH AS,927208253,Ullandhauggata 8,4307 SANDNES,2021-05-20,5
Tannlege,BJØLSEN TANNKLINIKK AS,926876422,Bentsebrugata 25A,0469 OSLO,2021-01-02,5
Tannlege,BJØRN BRYNE INVEST AS,916313934,Bærumsveien 373,1346 GJETTUM,2015-11-24,11
Tannlege,BJØRN J. HANSEN AS,911610949,Storgaten 33,3126 TØNSBERG,2013-01-18,13
Tannlege,BJØRNEFARET AS,923113533,"c/o Kjetil Misje, Sundlia 5D",1397 NESØYA,2019-06-25,7
Tannlege,BJØRNEFJORDEN TANNLEGEPRAKSIS AS,933218023,Sveo 28,5200 OS,2023-12-21,3
Tannlege,BLID AS,923669485,Parkveien 12,0350 OSLO,2019-09-19,7
Tannlege,BLINDHEIM TANNLEGESENTER AS,917413568,"Blindheimssenteret, Blindheimshaugen 9",6012 ÅLESUND,2016-05-24,10
Tannlege,BOBBELOBB INVEST AS,930772852,Dalsveien 56L,0775 OSLO,2023-01-10,3
Tannlege,BOGERUD TANNHELSEKLINIKK AS,923576533,Stallerudveien 103,0693 OSLO,2019-08-28,7
Tannlege,BOLTON AS,929516982,Ruskeneshaugen 25,5251 SØREIDGREND,2022-06-22,4
Tannlege,BONSO AS,927615045,"c/o John Bones, Tidemands gate 31",7030 TRONDHEIM,2021-07-02,5
Tannlege,BR DENTAL AS,924921005,Hestenesgata 2,6900 FLORØ,2020-03-30,6
Tannlege,BRACKET AS,917483310,Inge Krokanns veg 9,7340 OPPDAL,2016-06-30,10
Tannlege,BRAGERNES ENDOSPESIALIST AS,997078012,Bragernes torg 4,3017 DRAMMEN,2011-06-20,15
Tannlege,BRATTVÅG TANNHELSE AS,925553514,Strandgata 44A,6270 BRATTVÅG,2020-08-14,6
Tannlege,BROTORVET TANNKLINIKK AS,914317991,Gangveien 5,3960 STATHELLE,2014-10-05,12
Tannlege,BRYGGA TANNKLINIKK DOMINIK OCIEPKA AS,927383934,Strandgata 17B,7900 RØRVIK,2021-06-10,5
Tannlege,BRYGGEN TANNKLINIKK AS,930366358,Sjøgata 30,6700 MÅLØY,2022-11-04,4
Tannlege,BRYGGERIET TANNLEGESENTER DA,911950316,Kirkevegen 58,2413 ELVERUM,2013-05-06,13
Tannlege,BUD MEDICAL AS,929065077,Gamle Hyggen vei 11,3440 RØYKEN,2022-02-22,4
Tannlege,BUONDENT AS,934137655,Marcus Thranes gate 4D,0473 OSLO,2024-09-06,2
Tannlege,BYÅSEN TANNHELSE AS,833715232,"Byåsen Butikksenter, Fjellseterveien 1",7020 TRONDHEIM,2024-05-28,2
Tannlege,BÆRUM TANNREGULERING AS,997781333,Gamle Ringeriksvei 34,1357 BEKKESTUA,2012-01-01,14
Tannlege,BÆRUM-SANDVIKA TANNLEGEVAKT AS,913100263,Elias Smiths vei 10,1337 SANDVIKA,2014-01-01,12
Tannlege,BÆRUMS VERK TANNLEGESENTER AS,932519275,Gamleveien 5,1354 BÆRUMS VERK,2023-10-05,3
Tannlege,BØLERLIA TANNLEGESENTER AS,920873324,Utmarkveien 1,0691 OSLO,2018-04-30,8
Tannlege,BØRSETH INVEST AS,917553343,Kongens gate 51,8514 NARVIK,2016-07-18,10
Tannlege,BØRSLETT AS,912435229,Herfordts gate 1,1532 MOSS,2013-08-26,13
Tannlege,BØRSUM AS,825902872,"c/o Karin Børsum, Ovenbakken 21B",1361 ØSTERÅS,2020-09-21,6
Tannlege,BØYSEN KJEVEORTOPEDI AS,920777511,"Tannklinikken, Markveien 29",9510 ALTA,2018-02-28,8
Tannlege,C&V HAUGEN AS,925451096,Øvre Hedlevikveien 14,4156 MOSTERØY,2020-07-01,6
Tannlege,CAB AS,914601037,Sætervegen 9A,5236 RÅDAL,2014-11-14,12
Tannlege,CACONYM AS,929468821,Vigdalsvegen 404,7350 BUVIKA,2022-06-01,4
Tannlege,CALMA TANNKLINIKK AS,923790497,Rødbergveien 6,9408 HARSTAD,2019-10-01,7
Tannlege,CAMPUS PRIVATE KLINIKK AS,929362799,"v/ Ksd kompetanseklinikk, Campus Kristiansund, Fosnagata 12",6509 KRISTIANSUND N,2022-05-01,4
Tannlege,CANDTANN AS,920313299,Vestregata 42A,9008 TROMSØ,2018-01-02,8
Tannlege,CANINUS AS,930848980,Løkkebergveien 3,3014 DRAMMEN,2023-01-17,3
Tannlege,CAPEDEL AS,999655572,Refstadveien 60,0589 OSLO,2012-12-03,14
Tannlege,CAROLUS PRIVATE TANNKLINIKK AS,933231704,Bjørnstjerne Bjørnsons veg 6,6412 MOLDE,2024-03-05,2
Tannlege,CCW INVEST AS,925481262,Horgvegen 26,7055 RANHEIM,2020-07-23,6
Tannlege,CHEL AS,931710176,"c/o Elhoussain Chaoui, Lindebergåsen 52D",1068 OSLO,2023-04-02,3
Rørlegger,24/7 RØRLEGGERVAKTEN AVD ØSTFOLD AS,931077309,Jacobine Ryes vei 88,0987 OSLO,2023-03-15,3
Rørlegger,24/7 RØRLEGGERVAKTEN AVD. JÆREN AS,928143139,Fåhadlet 78,4160 FINNØY,2021-10-21,5
Rørlegger,24/7 RØRLEGGERVAKTEN AVD. STAVANGER AS,927497484,Fåhadlet 78,4160 FINNØY,2021-06-29,5
Rørlegger,24/7 RØRSERVICE AS,834521962,Tante Ulrikkes vei 57,0984 OSLO,2024-11-19,2
Rørlegger,2KN RØR-SERVICE AS,917790558,"Kontorfellesskapet EXACTA Services, Akersgata 41",0158 OSLO,2016-09-08,10
Rørlegger,5 STARS VVS SERVICE AS,927110660,Hauketoveien 7B,1266 OSLO,2021-03-22,5
Rørlegger,69 GRADER RØR AS,931689533,Olderdalsveien 567,9146 OLDERDALEN,2023-05-28,3
Rørlegger,A & A POOL AS,913381742,Trondheimsveien 740,1481 HAGAN,2014-03-11,12
Rørlegger,A & S INVEST AS,924811749,Stauslandsveien 106C,4640 SØGNE,2020-02-11,6
Rørlegger,A-R HELGEMO VVS AS,932538121,Hindbjørgveien 4,7387 SINGSÅS,2023-10-30,3
Rørlegger,A.B. RØR AS,932257955,Sørskogvegen 8,4364 SIREVÅG,2023-09-29,3
Rørlegger,A.I.VENT AS,998732328,"c/o Vitalijus Rudzinskas, Eikskollen 4",1443 DRØBAK,2012-08-14,14
Rørlegger,A.M. FISKAA AS,929230922,"c/o Are Fiskaa, Myrane 5",6143 FISKÅ,2022-02-23,4
Rørlegger,ABC RØR VIKEN AS,932690667,"c/o Daria Anna Skora, Opstadveien 52B",1719 GREÅKER,2023-12-01,3
Rørlegger,ABC RØRTEKNIKK AS,933372308,Nedre Kongerød 39,3737 SKIEN,2024-04-01,2
Rørlegger,ABRS RØR SÆTRE AS,899327632,Mellomdammen 35,3475 SÆTRE,2012-12-17,14
Rørlegger,ADAMS ISOLERING AS,916667043,Bjerkenesveien 14,1407 VINTERBRO,2016-01-23,10
Rørlegger,ADAQ AS,931569201,Feiringvegen 1542,2093 FEIRING,2023-05-05,3
Rørlegger,ADEKVAT VVS AS,917433429,Myraveien 9,1914 YTRE ENEBAKK,2016-06-20,10
Rørlegger,ADITUS AS,923383433,Svelvikveien 472,3037 DRAMMEN,2019-06-25,7
Rørlegger,AE RØR AS,925071188,"c/o Tim Evensen, Sagvegen 24",2742 GRUA,2020-04-14,6
Rørlegger,AE RØRSERVICE AS,913040651,Vestre Karmøyveg 323,4270 ÅKREHAMN,2013-11-26,13
Rørlegger,AFI VANN OG VARME AS,912348431,Øraveien 2,1630 GAMLE FREDRIKSTAD,2013-07-30,13
Rørlegger,AG-RØR AS,919497076,Slalåmveien 78,1350 LOMMEDALEN,2017-07-02,9
Rørlegger,AGDER RØR OG ANLEGGSERVICE AS,927063972,Rauliveien 23,4407 FLEKKEFJORD,2021-04-20,5
Rørlegger,AGDER RØR OG BAD AS,933741974,Bakhei 7,4708 VENNESLA,2024-06-15,2
Rørlegger,AGDER RØRFORNYING AS,926578812,Ytre Åros 30A,4640 SØGNE,2021-01-28,5
Rørlegger,AGDER TEKNISKE INVESTERINGER AS,929661400,Skrubbedalsveien 1,4848 ARENDAL,2022-07-01,4
Rørlegger,AGF VVS AS,921169523,Meyergaten 20,4836 ARENDAL,2018-06-12,8
Rørlegger,AGN RØR AS,997264282,Bårdslistugguvegen 162,2653 VESTRE GAUSDAL,2011-08-22,15
Rørlegger,AGRIRØR AS,919653124,Brattbergsvegen 97,7730 BEITSTAD,2017-08-09,9
Rørlegger,AH RØR AS,928848256,Hvambsahlveien 23,3618 SKOLLENBORG,2022-02-10,4
Rørlegger,AIR PROSJEKT AS,926627163,"c/o Romuald Rynkiewicz, Moldbrekkene 28",5337 RONG,2021-01-15,5
Rørlegger,AK RØRLEGGERSERVICE AS,924764740,Lierveien 1,1814 ASKIM,2020-03-03,6
Rørlegger,AK TOPCO AS,932041782,Unelsrudlina 82,3039 DRAMMEN,2023-08-22,3
Rørlegger,AKER RØRSERVICE AS,929643143,Halvdan Svartes gate 2A,0268 OSLO,2022-07-09,4
Rørlegger,AKSNES RØR AS,929461746,Jordbærveien 20,3032 DRAMMEN,2022-05-02,4
Rørlegger,AKTIV RØRLEGGER AS,915213774,Skoleberget 11,2742 GRUA,2015-03-30,11
Rørlegger,AKTIV RØRTEKNIKK AS,933370631,Almemoen 75,3516 HØNEFOSS,2024-03-06,2
Rørlegger,AL RØR AS,928524965,Arasvikvegen 480,6694 FOLDFJORDEN,2021-12-16,5
Rørlegger,ALBJERK KONSULT AS,933385140,Klosterhagen 33B,3732 SKIEN,2024-03-01,2
Rørlegger,ALEKSANDER GARE AS,917498490,Drangedalsveien 1271,3760 NESLANDSVATN,2016-07-06,10
Rørlegger,ALEX NORGE AS,931980637,Rødsneset 10,5550 SVEIO,2023-08-17,3
Rørlegger,ALFA ENERGI AS,930128287,Kanalarmen 18B,4033 STAVANGER,2022-10-07,4
Rørlegger,ALFIS BYGG AS,917965668,Liaveien 61,1435 ÅS,2016-09-25,10
Rørlegger,ALL-RØRFORNYING AS,923994750,Skippergata 12,7042 TRONDHEIM,2019-10-08,7
Rørlegger,ALLSERVICE SOLØR AS,917472025,Snekkarbakkvegen 12,2270 FLISA,2016-06-01,10
Rørlegger,ALLSIDIG RØRLEGGERTJENESTE AS,996972151,Stakkevollvegen 50,9010 TROMSØ,2011-05-04,15
Rørlegger,ALLTID MILJØ AS,924861363,Bassengvegen 3A,2006 LØVENSTAD,2020-01-06,6
Rørlegger,ALMEDALS RØRSERVICE AS,924413964,"c/o Jan Terje Almedal, Bakkemonen 34",4619 MOSBY,2020-01-02,6
Rørlegger,ALMLØV BERGVARME AS,927927594,Nordlysveien 49,0489 OSLO,2021-09-18,5
Rørlegger,ALNA RØR AS,927075024,Roald Amundsens gate 39,2004 LILLESTRØM,2021-03-11,5
Rørlegger,ALSAKER BYGG OG RØRLEGGERSERVICE AS,998151309,Wallemsvikveien 30B,5165 LAKSEVÅG,2012-03-08,14
Rørlegger,ALT I RØR AS,935000548,Inndalsveien 1,5063 BERGEN,2024-12-17,2
Rørlegger,ALT INNEN VVS AS,925767492,Snølia 7,1470 LØRENSKOG,2020-09-01,6
Rørlegger,ALT RØRLEGGER & VAKTMESTER AS,925597260,Pedersgata 3,3186 HORTEN,2020-08-30,6
Rørlegger,ALTIVANN RØR OG VENTILASJON AS,998605873,Kanalveien 54,5068 BERGEN,2012-07-04,14
Rørlegger,ALVDAL RØR AS,918359303,Øvre Månavei 84,2560 ALVDAL,2017-01-01,9
Rørlegger,AMATO AS,920437036,Bakliroa 105,3624 LYNGDAL I NUMEDAL,2018-02-01,8
Rørlegger,ANDERS HJELMELAND INVEST AS,923854134,Nesmyren 10,5114 TERTNES,2019-10-17,7
Rørlegger,ANDERSEN AUTORISERT RØRLEGGER AS,999337422,Grønnliveien 33,3474 ÅROS,2012-10-05,14
Rørlegger,ANDERSEN BAD & BOLIG AS,925193860,Tvetenveien 32,0666 OSLO,2020-05-10,6
Rørlegger,ANDERSEN BYGG OG VVS AS,930732419,Øvre Varåsen 57,5210 OS,2023-01-09,3
Rørlegger,ANDERSEN OG LARSEN RØRLEGGERBEDRIFT AS,915223907,Lettvintveien 52D,0487 OSLO,2015-03-23,11
Rørlegger,ANDREAS TORPEN AS,998513588,Askeladdveien 6,2016 FROGNER,2012-08-22,14
Rørlegger,ANGEN SERVICE AS,827422762,Tinngata 118,3660 RJUKAN,2021-06-25,5
Rørlegger,ANKERHAUGEN AS,998482968,"c/o Ragny Bergesen, Gustav Vigelands vei 92",4023 STAVANGER,2012-06-06,14
Rørlegger,ANLI INVEST AS,931005456,Neverveien 9,4310 HOMMERSÅK,2023-02-28,3
Rørlegger,ANTER AS,934016297,Dronning Eufemias gate 16,0191 OSLO,2024-08-14,2
Rørlegger,AQUA RØRFORNYING AS,925568201,Løvåsmyra 6,7093 TILLER,2020-08-11,6
Rørlegger,AQUA RØRSERVICE AS,931007017,Løvåsmyra 6,7093 TILLER,2023-02-06,3
Rørlegger,AQUATEK AS,931080504,Nysæterneset 31A,5415 STORD,2023-02-15,3
Rørlegger,ARA RØR AS,930335967,Erlends vei 24,0669 OSLO,2022-11-03,4
Rørlegger,ARCGRANDAHL AS,933450430,Ordfører Karlsens vei 15C,1715 YVEN,2024-04-05,2
Rørlegger,ARCTIC RØRSERVICE AS,919056916,Nordkappveien 22C,9750 HONNINGSVÅG,2017-04-25,9
Rørlegger,ARCTIC VVS AS,918703071,Botnhågveien 6,9308 FINNSNES,2017-01-24,9
Rørlegger,ARENDAL RØR AS,832306142,Stoaveien 1,4848 ARENDAL,2023-10-01,3
Rørlegger,ARILD ARNTSEN AS,918048766,Mølmesdalsvegen,6947 LAVIK,2016-11-01,10
Rørlegger,ARILDSEN RØRLEGGERSERVICE AS,998268788,Myrholtet 132,5142 FYLLINGSDALEN,2012-01-28,14
Rørlegger,ARKIMEDES AS,925012793,Inndyrsvågen 11,8140 INNDYR,2020-03-14,6
Rørlegger,ARKTEK VVS AS,931913980,Støttumveien 7,1543 VESTBY,2023-06-03,3
Rørlegger,ARNESEN & NYHAVEN AS,822223362,"c/o Annette Arnesen, Tveideveien 339",4760 BIRKELAND,2019-01-07,7
Rørlegger,ARVE LIER OLSEN AS,912270734,Rådyrfaret 24,3962 STATHELLE,2013-07-18,13
Rørlegger,ARVID HANSTAD AS,929706706,Skolegata 4,2335 STANGE,2022-06-16,4
Rørlegger,ARVID MYREN AS,917421358,Elverlivegen 23,7519 ELVARLI,2016-06-01,10
Rørlegger,"AS FRODE STOKKE, VVS-VARME-GASS",917882460,Lierbakkene 83,3425 REISTAD,2016-09-26,10
Rørlegger,AS HJELME VVS,928875628,Apeltunhaugene 32,5238 RÅDAL,2022-02-03,4
Rørlegger,AS TOFT MESTERRØR,917037809,Midtstegen 60,5382 SKOGSVÅG,2016-03-17,10
Rørlegger,ASK VVS AS,828660152,Sofiemyrveien 6A,1412 SOFIEMYR,2022-01-18,4
Rørlegger,ASKE RØR AS,999659691,Bettumveien 183,3178 VÅLE,2013-01-23,13
Rørlegger,ASKER & BÆRUM VVS AS,913065816,Solbråveien 49,1383 ASKER,2014-01-02,12
Rørlegger,ASKER GRUPPEN AS,932947420,Elveveien 2,1394 NESBRU,2024-01-25,2
Rørlegger,ASKER OG BÆRUM RØRLEGGERBEDRIFT AS,929464427,Nes terrasse 33,1394 NESBRU,2022-06-02,4
Rørlegger,ASKER OG RØYKEN RØR AS,913928113,Torsrudveien 19,3430 SPIKKESTAD,2014-06-11,12
Rørlegger,ASKER RØRLEGGERBEDRIFT AS,933296636,Elveveien 2,1394 NESBRU,2024-04-02,2
Rørlegger,ASKER RØRLEGGERMESTER AS,927317451,Bråtenveien 16,3430 SPIKKESTAD,2021-06-02,5
Rørlegger,ASKØY RØRSERVICE AS,925901520,Storebotn 30,5309 KLEPPESTØ,2020-10-19,6
Rørlegger,ASKØY VVS AS,911756986,Kobbevegen 29,5310 HAUGLANDSHELLA,2013-03-20,13
Rørlegger,ASP VVS AS,922411670,Bekkveien 3A,1407 VINTERBRO,2018-12-11,8
Rørlegger,ASPENES RØR AS,930851493,Vestre Lurane 6,5200 OS,2023-01-31,3
Rørlegger,ASSI AS,932388073,"c/o OH Slåke Invest AS, Holterveien 4D",1448 DRØBAK,2023-10-10,3
Rørlegger,AT RØRSERVICE AS,913359313,Othilienborgvegen 53A,7033 TRONDHEIM,2014-01-20,12
Rørlegger,ATECCO AS,924813423,Toverudveien 346C,1930 AURSKOG,2020-02-14,6
Rørlegger,ATI VVS AS,927992523,Skrubbedalsveien 1,4848 ARENDAL,2021-09-15,5
Rørlegger,ATOM RØRLEGGERBEDRIFTS AS,924201746,Borgveien 21,1363 HØVIK,2019-11-28,7
Rørlegger,AUGLA AS,932373009,Ogndalsvegen 1105,7718 STEINKJER,2023-10-08,3
Rørlegger,AUKE RØR AS,813458942,Porsveien 40,1481 HAGAN,2014-01-01,12
Rørlegger,AUNE BYGG & VVS AS,933568512,Sundvorvegen 86,5645 SÆVAREID,2024-05-19,2
Rørlegger,AURDALSBYEN INVEST AS,998502837,Oslovegen 1291,2910 AURDAL,2012-05-15,14
Rørlegger,AURE OG TUSTNA VVS AS,927790394,Espvikvegen 110,6693 MJOSUNDET,2021-09-01,5
Rørlegger,AUREKA AS,931198157,Industriveien 2,4380 HAUGE I DALANE,2023-03-29,3
Rørlegger,AURSTAD VVS AS,920482589,Nordsivegen 129,7732 STEINKJER,2018-02-09,8
Rørlegger,AUT-RØRLEGGER BRØDRENE JOHNSEN AS,922305412,Einar Sundøens vei 10,3531 KROKKLEIVA,2019-02-14,7
Rørlegger,AVERØY VVS AS,934110811,"C/o Ole Alexander Jørgensen, Orbakken 7",6531 AVERØY,2024-08-08,2
Rørlegger,AVLØP 247 AS,932557347,Dalavegen 29,5300 KLEPPESTØ,2023-10-22,3
Rørlegger,AVM BYGG&KVALITET AS,923843531,Sjøkrigsskoleveien 2,5165 LAKSEVÅG,2019-11-06,7
Rørlegger,AVRA RØR AS,911577844,Østensjøveien 15D,0661 OSLO,2013-02-13,13
Rørlegger,AW VVS AS,831812702,Fredensborgveien 56B,0177 OSLO,2023-05-08,3
Rørlegger,AWAT-RØR AS,925382930,Hans Langbachs vei 12,3039 DRAMMEN,2020-07-01,6
Rørlegger,AXOR VVS AS,822995462,Revåveien 20,3070 SANDE I VESTFOLD,2019-05-29,7
Rørlegger,AØS FINANS AS,924329882,"c/o Ander Østmo Stubban, Viktor Baumanns vei 7",7020 TRONDHEIM,2019-12-12,7
Rørlegger,B & T TEKNIKK AS,917473676,Revaugveien 97,1815 ASKIM,2016-06-15,10
Rørlegger,B. SMEDSMO AS,820041992,Liavegen 1472,2686 LOM,2017-11-29,9
Rørlegger,B.R.D MALING AS,913157508,Austaddalsvegen 14,2033 ÅSGREINA,2014-01-20,12
Rørlegger,B&T RØRSERVICE AS,997794893,Krøraveien 7,3535 KRØDEREN,2011-12-17,15
Rørlegger,BAD & KJØKKEN RENOVERING AS,929126386,Strømsveien 223,0668 OSLO,2022-03-28,4
Rørlegger,BAD & RØR AS,929528131,Vipevegen 16,2008 FJERDINGBY,2022-06-30,4
Rørlegger,BAD & RØRSERVICE AS,927810530,Krokstien 4,0672 OSLO,2021-08-31,5
Rørlegger,BAD & VVS AS,929651308,Nedre Åstveit 12,5106 ØVRE ERVIK,2022-07-14,4
Rørlegger,BAD OG RØR AS,923561927,Sofiemyrveien 12,1412 SOFIEMYR,2019-09-18,7
Rørlegger,BADEDESIGN AS,922215472,Tungavegen 38,7047 TRONDHEIM,2019-01-17,7
Rørlegger,BADEROMSELITEN AS,919930772,Lunden 57,4319 SANDNES,2017-10-19,9
Rørlegger,BADEROMSPAKKEN AS,931542672,Hoelsveien 9,1923 SØRUM,2023-05-18,3
Rørlegger,BADEROMSPAKKEN INVEST AS,932618478,Hoelsveien 9,1923 SØRUM,2023-11-08,3
Rørlegger,BAKKEN RØR AS,911889846,"c/o Terje Bakken, Tormod Knutsens veg 2",2070 RÅHOLT,2013-03-25,13
Rørlegger,BAKKENS VVS AS,997417488,Loneveien 195,4642 SØGNE,2011-06-30,15
Rørlegger,BALSFJORD RØRSERVICE AS,834149052,Brattmelveien 5,9050 STORSTEINNES,2024-09-09,2
Rørlegger,BARE RØR & SERVICE AS,997291131,Sidsel Sidsærks vei 28,0956 OSLO,2011-08-23,15
Rørlegger,BARERØR AS,911891530,Vågen 8,8063 VÆRØY,2013-04-18,13
Rørlegger,BARSTRAND AS,999153895,"Inngang sjøgata, Storgaten 48",8200 FAUSKE,2012-11-12,14
Rørlegger,BAS RØR AS,933849708,Mina Beiteplukksvei 155F,1272 OSLO,2024-07-03,2
Rørlegger,BASBERG INVEST AS,923161368,Basbergveien 163,3114 TØNSBERG,2019-07-04,7
Rørlegger,BATHROOM WORKSHOP AS,920735878,Trosterudveien 19,0778 OSLO,2018-02-23,8
Rørlegger,BD RØRSERVICE AS,929651154,Blåstjerneveien 28,1475 FINSTADJORDET,2022-06-08,4
Rørlegger,BEDRE VVS AS,934080203,Inkognitogata 33B,0256 OSLO,2024-09-05,2
Restaurant,0186 BARDRIFT AS,929431650,Markveien 35A,0554 OSLO,2022-06-03,4
Restaurant,2 GODE VENNER AS,924534796,C. J. Hambros plass 5,0164 OSLO,2020-01-20,6
Restaurant,5 BAR AS,919880481,Økernveien 182,0580 OSLO,2018-01-24,8
Restaurant,501 DART & PUB DA,933919943,Storgata 47,2870 DOKKA,2024-05-01,2
Restaurant,7NULL4 AS,915264964,Heggevegen 4,2656 FOLLEBU,2015-03-20,11
Restaurant,8'ERN AS,928177068,"c/o Hilde M. Rødsjø, Tungaveien 78",7130 BREKSTAD,2021-11-10,5
Restaurant,A R EXPERIENCES AS,932581930,"c/o Ahadur Rahman, Nygaten 3",4838 ARENDAL,2023-11-11,3
Restaurant,AC-MARINE AS,913000978,Vrengen 5,4824 BJORBEKK,2013-12-20,13
Restaurant,ADAMS COFFEE AS,925656135,Gamle Stokkavei 1,4313 SANDNES,2020-08-05,6
Restaurant,ADAS BARDRIFT AS,932332647,"c/o Murat Uruç, Steinveien 1",1453 BJØRNEMYR,2023-10-13,3
Restaurant,ADONAI AS,920296165,Sødalsveien 22,4630 KRISTIANSAND S,2018-01-16,8
Restaurant,ADRIATIC BAR OG CATERING AS,820719972,Vågsgata 16A,4306 SANDNES,2018-03-09,8
Restaurant,AGA GRUPPEN AS,933222586,Apotekerveien 20,1653 SELLEBAKK,2024-03-15,2
Restaurant,AGLEN OG LIENS PUB AS,920282911,"c/o Asbjørn Lien, Sanden 28",3264 LARVIK,2018-01-05,8
Restaurant,AHO PUB FORENINGEN,933566501,Maridalsveien 29,0175 OSLO,2024-02-28,2
Restaurant,AIDIA HOLDNING AS,934617495,Vestlisvingen 26,0969 OSLO,2024-11-01,2
Restaurant,AKELEO LATIN BAR AS,925641464,Skjalgs gate 31B,4041 HAFRSFJORD,2020-09-09,6
Restaurant,AL MERI NAUSTET AS,934082419,Stangs gate 2A,3179 ÅSGÅRDSTRAND,2024-08-22,2
Restaurant,ALF NABOLAGSBAR AS,913551125,Darres gate 1,0175 OSLO,2014-04-21,12
Restaurant,ALIBI FREDRIKSTAD AS,922875995,"c/o Viego Regnskap AS, Markens gate 5",4610 KRISTIANSAND S,2019-05-07,7
Restaurant,ALISIA AS,834061392,Gate 1 88,6700 MÅLØY,2024-08-20,2
Restaurant,ALKEMISTEN BAR AS,933276325,Pløens gate 4,0181 OSLO,2024-02-28,2
Restaurant,ALLÉEN AS,932762641,Bygdøy allé 21,0262 OSLO,2023-11-14,3
Restaurant,ANNIGE BAR AS,924779489,Gamle Åslandsvegen 9,4355 KVERNALAND,2020-03-04,6
Restaurant,APOLLON TØNSBERG AS,926572091,Rådhusgaten 4,3126 TØNSBERG,2021-01-08,5
Restaurant,ARCTIC FOOD & DRINKS AS,921668317,Sjøgata 10,9600 HAMMERFEST,2018-10-15,8
Restaurant,ARCTIC NIGHTLIFE AS,925125830,Storgata 68A,9008 TROMSØ,2020-05-07,6
Restaurant,AS IRISHMAN,914754445,Høleberggata 9,4006 STAVANGER,2014-12-11,12
Restaurant,ASIAN KARAOKE OG BAR AS,926335529,Storgata 51,3256 LARVIK,2020-12-01,6
Restaurant,ASKIM CORNER BAR DA,818302312,Rådhusgata 21,1830 ASKIM,2016-11-11,10
Restaurant,BABAR INVEST AS,917583080,Stortingsgata 8,0161 OSLO,2016-06-20,10
Restaurant,BACKYARD AS,934082109,Storgata 18,4340 BRYNE,2024-09-09,2
Restaurant,BALLROOM HAMAR AS,914066867,Torggata 74,2317 HAMAR,2014-08-15,12
Restaurant,BALUBA UTELIVSDRIFT AS,930452858,Torggata 27,8400 SORTLAND,2022-11-23,4
Restaurant,BANKEN PUB AS,929067304,Langgata 52,4306 SANDNES,2022-03-28,4
Restaurant,BANKERS VIDDA AS,925136719,Fitnodatgeaidnu 35,9730 KARASJOK,2020-05-18,6
Restaurant,BAR 1903 AS,933007065,Stadion 1,1671 KRÅKERØY,2024-01-11,2
Restaurant,BAR 33 AS,927601885,Vågsgata 33,4306 SANDNES,2021-07-29,5
Restaurant,BAR BAHALIM AS,829035502,Jernbanetorget 1,1767 HALDEN,2022-02-24,4
Restaurant,BAR CIRCUS AS,926039741,Olav Tryggvasons gate 27,7011 TRONDHEIM,2020-10-21,6
Restaurant,BAR POLAR AS,814196542,Sandakerveien 72C,0484 OSLO,2014-09-10,12
Restaurant,BAR-DUS AS,915288928,Ferjemannsveien 10,7042 TRONDHEIM,2015-04-14,11
Restaurant,BARCODE PUBDRIFT AS,918146377,Dronning Eufemias gate 75,0194 OSLO,2016-11-25,10
Restaurant,BARCODE STREET FOOD AS,927600218,Dronning Eufemias gate 14,0191 OSLO,2021-07-06,5
Restaurant,BARE BLÅ AS,925125431,Rådhusgata 20,8400 SORTLAND,2020-05-15,6
Restaurant,BARE HYGGELIG AS,932950707,Ginavegen 19,5531 HAUGESUND,2024-01-17,2
Restaurant,BARE SOLSKINN AS,927826933,Framnesveien 7,3222 SANDEFJORD,2021-08-27,5
Restaurant,BARISTA-DAMENE AS,916815999,Jens Wilhelmsens gate 1,1671 KRÅKERØY,2016-02-17,10
Restaurant,BARKADEN BRAGERNES AS,933736067,Bragernes torg 10,3017 DRAMMEN,2024-06-12,2
Restaurant,BARKADEN DRAMMEN AS,927430762,Grønland 53,3045 DRAMMEN,2021-05-20,5
Restaurant,BARKADEN FREDRIKSTAD AS,933720993,Storgata 4,1607 FREDRIKSTAD,2024-05-28,2
Restaurant,BARKADEN SKIEN AS,920769926,Langbrygga 5B,3724 SKIEN,2018-04-16,8
Restaurant,BARRIKK AS,925148261,Teaterplassen 1,4836 ARENDAL,2020-06-12,6
Restaurant,BARVÆRSTE AS,932169851,Jens Wilhelmsens gate 7,1671 KRÅKERØY,2023-09-18,3
Restaurant,BEITO BAR OG EVENT DRIFT AS,915786561,Bygdinvegen 3787,2953 BEITOSTØLEN,2015-07-20,11
Restaurant,BEKKIS BAR AS,926032917,Torget 1,4340 BRYNE,2020-10-30,6
Restaurant,BELLA STAVANGER AS,927657856,Kirkegata 44,4006 STAVANGER,2021-08-02,5
Restaurant,BGFEM AS,834782332,Kong Oscars gate 12,5017 BERGEN,2024-11-06,2
Restaurant,BIRKELAND PUB AS,827043532,Strøget 35,4760 BIRKELAND,2021-04-12,5
Restaurant,BLACKOUT AS,815620372,Idrettsveien 6B,9700 LAKSELV,2015-04-25,11
Restaurant,BLUE NIGHT AS,914215889,Rådhusgata 4,0151 OSLO,2014-09-17,12
Restaurant,BLÅVEIS STAVANGER AS,933827798,Søregata 22,4006 STAVANGER,2024-07-16,2
Restaurant,BOBA TEA AS,927906546,Haakon VIIs gate 9,7040 TRONDHEIM,2021-08-29,5
Restaurant,BREWERY CASH & CARRY AS,915351301,Regnbueveien 6,1405 LANGHUS,2015-04-14,11
Restaurant,BRIAN BORU AS,921425635,Kong Oscars gate 16,5017 BERGEN,2018-08-28,8
Restaurant,BRIAN BORU STAVANGER AS,831836792,Skagen 15,4006 STAVANGER,2023-07-13,3
Restaurant,BRYGGA SPORTSBAR AS,921400551,Sjøgata 30,6065 ULSTEINVIK,2018-08-28,8
Restaurant,BRYGGERIET PUB OG KJØKKEN AS,917182019,"c/o Brasseri Cava AS, Carl Johans gate 5",7010 TRONDHEIM,2016-05-02,10
Restaurant,BRYGGJEHUSET AS,932509687,Sørsidevegen 35,6876 SKJOLDEN,2023-11-10,3
Restaurant,BRYGGMESTER BOB AS,914792231,Markveien 57,0550 OSLO,2014-12-05,12
Restaurant,BRØR MAT OG BRYGGERI AS,926907786,Halkjelsgata 16,6100 VOLDA,2021-03-13,5
Restaurant,BRAA AS,929573714,Abel Meyers gate 3A,7800 NAMSOS,2022-05-28,4
Restaurant,BS PUB & KULTUR AS,998061962,Kjøpmannsgata 38,7500 STJØRDAL,2012-02-27,14
Restaurant,BUBBLE TEA TROMSØ AS,928331563,Storgata 104,9008 TROMSØ,2021-11-16,5
Restaurant,BUDDY'S PUB DA,996495469,Sam Eydes gate 93,3660 RJUKAN,2011-05-12,15
Restaurant,BUEN BAR AS,929160800,Olaf Schous vei 2,0572 OSLO,2022-04-11,4
Restaurant,BYDELSKROENE KAMPEN AS,919071745,Husvikholmen 10,1443 DRØBAK,2017-05-10,9
Restaurant,BYGDAPØBBEN AS,927129280,Sagvågsbrekko 6,5410 SAGVÅG,2021-04-30,5
Restaurant,BYGG 121 AS,917556865,Kommandørkaptein Klincks vei 1,3183 HORTEN,2016-06-01,10
Restaurant,BYRÅET AS,929029704,Solhauggata 12D,0565 OSLO,2022-01-30,4
Restaurant,BØMLO UTELIV AS,917253927,Svortlandsvegen 9,5430 BREMNES,2016-04-20,10
Restaurant,CAFE C STAVANGER AS,812387502,Nygata 11,4006 STAVANGER,2013-08-07,13
Restaurant,CAFÉ GRENSEN AS,932918854,Grensen 8,0159 OSLO,2024-01-01,2
Restaurant,CASH BAR AS,930148385,Havnegata 16,8900 BRØNNØYSUND,2022-10-18,4
Restaurant,CHECKPOINT CLUB AS,915521355,Nedre Strandgate 14,4005 STAVANGER,2015-04-29,11
Restaurant,CIPRESA AS,997234189,Cora Sandels gate 4,9008 TROMSØ,2011-06-20,15
Restaurant,CLUB HÅKON AS,934673034,Håkonsgaten 27,5015 BERGEN,2024-12-09,2
Restaurant,COBEE BRUMUNDDAL AS,932149265,Nygata 2,2380 BRUMUNDDAL,2023-08-21,3
Restaurant,COBRA LÅVEN AS,999184707,Bruråket 1,7346 OPPDAL,2012-11-14,14
Restaurant,CORNERBAREN AS,918339086,Kong Christian Frederiks plass 4,5006 BERGEN,2016-12-21,10
Restaurant,CORNERLARVIK AS,934583752,Storgata 43,3256 LARVIK,2024-11-22,2
Restaurant,COUSINS CUSINE AS,916729332,Storgata 25,0184 OSLO,2016-01-08,10
Restaurant,CRAVING NUTRITION AS,827111252,Strandgaten 78,5004 BERGEN,2021-04-23,5
Restaurant,CREAMY AS,916612788,Fjeldhøikroken 11,1061 OSLO,2016-01-05,10
Restaurant,DAMPEN PUB AS,818176112,Sentrumsgata 42,6893 VIK I SOGN,2016-11-28,10
Restaurant,DANDUG AS,998729858,Bryggegata 6,4514 MANDAL,2012-08-13,14
Restaurant,DEN GRIMME ÆLLING AS,921379420,Karl Johans gate 13,0154 OSLO,2018-08-14,8
Restaurant,DEN LILLE ANDEVINGE AS,916799314,"c/o Kjetil Risan, Ole Knudsens vei 3",4817 HIS,2016-02-02,10
Restaurant,DICKENS PUB AS,914737397,Øvre Torggate 8,3017 DRAMMEN,2014-12-09,12
Restaurant,DIRTY FLOOR AS,927040824,Luramyrveien 53,4313 SANDNES,2021-03-25,5
Restaurant,DISTRIKT 23 AS,917597472,Grønnegata 62,2317 HAMAR,2016-07-19,10
Restaurant,DOGAN SPORTSBAR AS,919776439,Skolevegen 6,2270 FLISA,2017-09-28,9
Restaurant,DOWNTOWN PUB AS,930375535,H. Halvorsens vei 27A,1734 HAFSLUNDSØY,2022-11-01,4
Restaurant,DRAGEN PUB AS,917465886,Brogata 17,1608 FREDRIKSTAD,2016-06-20,10
Restaurant,DRAMMEN BARDRIFT AS,914830206,Eliesons gate 4,3044 DRAMMEN,2014-12-03,12
Restaurant,DROLLEHÅLÅ AS,999184855,Østre Ring 50,4015 STAVANGER,2012-11-15,14
Restaurant,DRONNINGENS PUB & KULTURSCENE AS,832463582,Dronningens gate 8,4610 KRISTIANSAND S,2023-10-31,3
Restaurant,DRØBAK PUBDRIFT AS,915258220,Seiersten Sentrum 3,1443 DRØBAK,2015-03-05,11
Restaurant,DRØSEN KAFFIBAR AS,925758957,Jadarvegen 3B,4365 NÆRBØ,2020-10-08,6
Restaurant,DRØØS AS,926673831,Langgata 48,4306 SANDNES,2021-01-06,5
Restaurant,DYRNESVAAGEN INNOVASJON AS,917151156,Nordstrandsveien 26,6570 SMØLA,2016-04-27,10
Restaurant,E & C HELGELAND AS,998480469,Jernbanegata 16,8622 MO I RANA,2012-05-21,14
Restaurant,E & M RESTORANTS AS,913517180,"Seilmakerfruens Kro, Lyngørsida",4910 LYNGØR,2014-04-10,12
Restaurant,EDVARTS PUBDRIFT AS,922395969,Pellygata 78,1706 SARPSBORG,2019-03-01,7
Restaurant,EIGHTEEN AS,923208844,St. Marie gate 82,1706 SARPSBORG,2019-06-25,7
Restaurant,ELGELG AS,928869717,Glommengata 69,2211 KONGSVINGER,2022-01-06,4
Restaurant,ELLEVEFØRTIFIRA ANS,930794864,Melingsgarden 24,4180 KVITSØY,2023-01-01,3
Restaurant,ELVEN AS,934240987,Brogaten 7,4400 FLEKKEFJORD,2024-09-23,2
Restaurant,EMIL- OG SMØREKOPPENKJELLEREN,919857854,"Sentralbygg 1, Gløshaugen",7034 TRONDHEIM,2017-11-13,9
Restaurant,ENERHAUGEN BAR AS,930751766,Grønlandsleiret 39,0190 OSLO,2023-01-01,3
Restaurant,EPD II AS,924764627,Storgaten 18,4370 EGERSUND,2020-03-01,6
Restaurant,EPD III AS,933036855,Strandgaten 76,4370 EGERSUND,2024-02-11,2
Restaurant,ERLIK KAFFE AS,917762953,Prinsens gate 2,0152 OSLO,2016-08-23,10
Restaurant,ESENCIA AS,923802932,Rikard Kaarbøs gate 10,9405 HARSTAD,2019-10-21,7
Restaurant,ESKAPADER AS,928505731,"c/o Nicolai Engesvik, Toftes gate 20B",0556 OSLO,2021-12-01,5
Restaurant,EUROPAKAFFE AS,921198256,"c/o Erine Amundal, Vattenbergvegen 2",3717 SKIEN,2018-06-30,8
Restaurant,EVENT NORWAY AS,911676036,Odins gate 5B,0266 OSLO,2013-03-05,13
Restaurant,EVINO MASAN AS,916155158,Olav Kyrres gate 2,4307 SANDNES,2015-09-20,11
Restaurant,EVITA KAFEDRIFT AS,925688533,Lilleengveien 8,1523 MOSS,2020-09-08,6
Restaurant,FAGERVANN AS,928697851,Fredensborgveien 17,0177 OSLO,2022-01-25,4
Restaurant,FALSKE REKERS AKSJESELSKAP,926877933,Nye Sandviksveien 73D,5032 BERGEN,2021-02-09,5
Restaurant,FARSUND FOLKEPUB AS,915837573,Strandgaten 8,4550 FARSUND,2015-08-19,11
Restaurant,FELLINI BAR AS,816343402,Claude Monets alle 24,1338 SANDVIKA,2015-11-16,11
Restaurant,FESTIVITETEN BAR & SCENE AS,919738561,Strandgata 23,2317 HAMAR,2017-10-05,9
Restaurant,FIRO RESTAURANTDRIFT AS,998992192,Langbryggen 3,4841 ARENDAL,2012-09-25,14
Restaurant,FJELL PØBBEN AS,921326459,Vollan 3,6300 ÅNDALSNES,2018-08-16,8
Restaurant,FJORD GUIDING AS,923101349,Hantveit 257,5960 DALSØYRA,2019-06-25,7
Restaurant,FJØRAPUBBEN AS,934605195,Almenningen 4,6856 SOGNDAL,2024-11-19,2
Restaurant,FLEMMINGEN AS,921010621,Nykirkeallmenningen 23,5005 BERGEN,2018-03-17,8
Restaurant,FLYTENDE INVEST AS,928254038,"c/o Shen Yun Liu, Rubinvegen 11",9022 KROKELVDALEN,2021-11-12,5
Restaurant,FOLAT KAFFEBAR,920599222,Fetveien 84,2007 KJELLER,2018-03-09,8
Restaurant,FOLKETS PUB FLATEBY AS,927364611,Bakkeveien 64,1911 FLATEBY,2021-04-30,5
Restaurant,FOSSEN BAR & PUB AS,819271992,Arnemannsveien 3,3510 HØNEFOSS,2017-06-16,9
Restaurant,FREDRIKSTAD RESTAURANTDRIFT AS,916034962,Værstetorvet 1,1671 KRÅKERØY,2015-08-10,11
Restaurant,FREYJA VIN AS,822261442,"c/o Vilhelm Rumohr, Åsen 2",6855 FRØNNINGEN,2019-02-05,7
Restaurant,FRIDTJOF OSLO AS,929588762,"c/o Viego Regnskap AS, Markens gate 5",4610 KRISTIANSAND S,2022-06-13,4
Restaurant,FROGNERVEIEN 6 AS,913355938,Frognerveien 6,0257 OSLO,2014-03-06,12
Restaurant,FUN BAR AS,934540697,Sparebanksgaten 2,5017 BERGEN,2024-11-01,2
Restaurant,FUN PUB TROMSØ AS,918030557,Grønnegata 83,9008 TROMSØ,2016-10-27,10
Restaurant,FYRHUSET KUBA DRIFT AS,922323011,"c/o Fyrhuset Kuba, Maridalsveien 19",0178 OSLO,2019-02-19,7
Restaurant,GALEIEN DRIFT AS,921187386,Hundvågveien 27,4085 HUNDVÅG,2018-07-02,8
Restaurant,GAPET AS,922141541,Bjerregaards gate 29C,0172 OSLO,2019-01-08,7
Restaurant,GEMENE HOP AS,927905868,Vulkan 5,0178 OSLO,2021-09-22,5
Restaurant,GIPSY AS,997026446,Carl Johans gate 3,7010 TRONDHEIM,2011-05-08,15
Restaurant,GLAD AS,923206795,Øvre Holmegate 11,4006 STAVANGER,2019-07-09,7
Restaurant,GLEDESHUSET DRIFT AS,918775102,Strandgata 1B,3513 HØNEFOSS,2017-02-01,9
Restaurant,GOLDEN TIGER AS,934196139,Kongens gate 37,3211 SANDEFJORD,2024-09-13,2
Restaurant,GPUB AS,934801733,Sentrumsvegen 68,3550 GOL,2024-12-20,2
Restaurant,GRAFF TAPROOM AS,821018722,Storgata 101,9008 TROMSØ,2018-05-11,8
Restaurant,GTAVHL AS,929375351,"c/o Andrè Vestvoll, Joplassvegen 2B",7603 LEVANGER,2022-05-13,4
Restaurant,GUL SNØ AS,927613026,Nordre Kongsvei 45,1654 SELLEBAKK,2021-07-31,5
Restaurant,GULLKORN ØLBAR AS,913622707,Håkons gate 15,2317 HAMAR,2014-04-02,12
Restaurant,GUNNAR & FRIDTJOF AS,927401096,Mariboes gate 4,0183 OSLO,2021-06-10,5
Restaurant,GVINO AS,930230898,Sjølystveien 74,4610 KRISTIANSAND S,2022-10-25,4
Restaurant,GØTT PØBB AS,912977218,Stasjonsvegen 1,3540 NESBYEN,2013-12-06,13
Restaurant,HA.N. AS,925885916,Seiersten Sentrum 3,1443 DRØBAK,2020-10-06,6
Restaurant,HANS G JØRGENSEN AS,918279938,Bergegata 3,3830 ULEFOSS,2016-12-12,10
Restaurant,HAPPY BOBA AS,922623376,Myragutua 1A,2022 GJERDRUM,2019-03-07,7
Restaurant,HASLE LINIE GASTROPUB AS,912256014,Bøkkerveien 4,0579 OSLO,2013-05-02,13
Restaurant,HAUKERØD PUBEN AS,917511241,Moveien 118,3221 SANDEFJORD,2016-07-11,10
Restaurant,HEIDI'S BIER BAR OSLO AS,915807208,"c/o Viego Regnskap AS, Markens gate 5",4610 KRISTIANSAND S,2015-08-13,11
Restaurant,HEISTADPUB'N AS,930747629,Fjordgløttvegen 1,3941 PORSGRUNN,2023-01-01,3
Restaurant,HEM BAR AS,917537461,Teatergaten 14,5010 BERGEN,2016-08-05,10
Restaurant,HILLS BJORLI AS,916665334,Bjorlivegen 7,2669 BJORLI,2016-01-22,10
Restaurant,HILLS INVESTMENTS AS,929685733,Krakenesveien 229,9154 STORSLETT,2022-08-01,4
Restaurant,HJØRNET BARDRIFT AS,922884854,Storgata 7,6509 KRISTIANSUND N,2019-05-22,7
Restaurant,HJØRNET PØBB DA,913361970,Storgata 49,3256 LARVIK,2014-03-01,12
Restaurant,HORTEN BØRS AS,933260720,Falsens gate 11,3187 HORTEN,2024-02-22,2
Restaurant,HOS FLYVERN PUB AS,921984790,Langgaten 21A,3080 HOLMESTRAND,2018-11-20,8
Restaurant,HOUSE OF DRANKS AS,934219708,Rostockgata 42,0194 OSLO,2024-09-19,2
Restaurant,HUMBAR AS,922796254,"c/o Anders Berling, Ådalsgata 10",3510 HØNEFOSS,2019-05-23,7
Restaurant,HUMLEN AS,914791839,Fjøsangerveien 30,5053 BERGEN,2014-12-05,12
Restaurant,HUNDHOLMEN AS,916536151,Storgata 8,8006 BODØ,2015-12-10,11
Restaurant,HYPOGEUM AS,924345047,Karl Johans gate 45,0162 OSLO,2019-12-11,7
Restaurant,IL CASOLARE HALDEN AS,930727385,Båstadlundveien 46E,1781 HALDEN,2023-01-09,3
Restaurant,ILLE AS,912667383,Henrich Gerners gate 10A,1530 MOSS,2013-10-28,13
Restaurant,INCIPIT AS,933708713,Sygnasjå 1,4337 SANDNES,2024-05-22,2
Restaurant,INSIDE VOSS AS,999615783,Uttrågata 42,5700 VOSS,2013-01-28,13
Restaurant,JANNE HANSEN PUB OG CATERING AS,929487834,Strandaveien 174,9441 FJELLDAL,2022-06-20,4
Restaurant,JAVEL OSLO AS,928870812,"c/o Viego Regnskap AS, Markens gate 5",4610 KRISTIANSAND S,2022-01-07,4
Restaurant,JENNY AS,913574419,"c/o Viego Regnskap AS, Markens gate 5",4610 KRISTIANSAND S,2014-04-08,12
Restaurant,JGL AS,914843928,Trondheimsvegen - Kløfta 84,2040 KLØFTA,2014-12-22,12
Restaurant,JIBBEN BAR OG SCENE AS,931095439,Gate 1 89,6700 MÅLØY,2023-03-05,3
Restaurant,JMC VIRKSOMHET AS,930813257,"c/o Jon P. Mørk, Øvre Keisemark 24A",3183 HORTEN,2023-01-23,3
Restaurant,JOSS PUB AS,933060950,Storgata 21,6993 HØYANGER,2024-02-08,2
Restaurant,JOTUNHEIMEN TRONDHEIM AS,928594548,Kjøpmannsgata 63,7011 TRONDHEIM,2021-12-16,5
Restaurant,JTF AS,916582382,Tmv-Kaia 9,7042 TRONDHEIM,2015-12-17,11
Restaurant,JUNGEL AS,932165414,Fjordgata 23,7010 TRONDHEIM,2023-09-06,3
Restaurant,K8 COCKTAILBAR AS,933065065,Kirkegata 8,7713 STEINKJER,2024-01-24,2
Restaurant,KAFFEBAR AS,920146732,Rustadvegen 120,2618 LILLEHAMMER,2017-12-06,9
