bransje,navn,orgnr,adresse,postnr,poststed,stiftet
Frisører,0-STRESS FRISØR AS,923271805,Dragsundvegen 6,6080,GURSKØY,2019-06-28
Frisører,10NA'S FRISØR AS,818874502,Skytterveien 18,5038,BERGEN,2017-03-19
Frisører,180 DEGREES AS,935254329,Glommengata 33,2211,KONGSVINGER,2025-03-06
Frisører,2 ANNE FRISØR AS,997021126,Storgata 27B,4340,BRYNE,2011-05-26
Frisører,2 FRISØRER AS,992408766,Smedgata 30,1850,MYSEN,2008-02-25
Frisører,2 SAKSER AS,989348809,Vragesløyfen 163,4625,FLEKKERØY,2006-01-02
Frisører,22 GROUP AS,937263686,Vestre Strandgate 24B,4611,KRISTIANSAND S,2026-02-17
Frisører,26 CUTZ AS,935428238,Glengsgata 29,1706,SARPSBORG,2025-03-14
Frisører,2BEAUTY SALONG - SOUZA DE OLIVEIRA,913593529,Kvellurveien 70,4319,SANDNES,
Frisører,2ND FLOOR STUDIO AS,934144112,Breigata 16,4006,STAVANGER,2024-09-18
Frisører,3442 FRISØR AS,924571403,Lavaløkka 38,3442,HYGGEN,2020-01-30
Frisører,3D FRISØR ABDIKANI,935018994,Haraldsgata 82,5528,HAUGESUND,
Frisører,4 YOU BARBERSHOP AS,836407792,"c/o Eco Finans Fredrikstad AS, Stabburveien 7",1617,FREDRIKSTAD,2025-10-15
Frisører,4 YOU FRISØR SHAMAL SHERIFF,912758737,Leegaards gate 10,1607,FREDRIKSTAD,
Frisører,5T STYLE AS,926677845,Gamlevegen 89B,2615,LILLEHAMMER,2021-02-03
Frisører,9-1-1 NAILS & BEAUTY KAROLINA SZERKUS,928226506,Svingen 25,1860,TRØGSTAD,
Frisører,A COSTA SAKS AS,983422918,Industriveien 2,1337,SANDVIKA,2001-05-09
Frisører,A K DAME OG HERREFRISØR AS,825554432,Eggedalsveien 1500,3359,EGGEDAL,2020-08-09
Frisører,A M FRISØR AS,932747154,St. Olavs gate 31,0166,OSLO,2023-11-27
Frisører,A-R FRISØR ALALI,937676573,Skallumjordet 19,1368,STABEKK,
Frisører,A.G.SEVLAND HÅRSTUDIO,990824487,Fleslandvegen 20,4250,KOPERVIK,
Frisører,A.J__CUTZZ JAMSHAID,936453228,Rosenholmveien 7,1255,OSLO,
Frisører,A&H FRISØR AS,825604502,Skjettenveien 2B,1466,STRØMMEN,2020-08-08
Frisører,A&T BARBER BY CHOCHLOVA,933325717,Ivar Aasens vei 23,1511,MOSS,
Frisører,A2 FRISØR OG MULTISERVICE AS,834340372,Nermoan 23,7334,STORÅS,2024-10-03
Frisører,AB KLIPP TRIADEN AS,931936948,"c/o Triaden Senter, Gamleveien 88",1461,LØRENSKOG,1982-03-01
Frisører,ABBAS,934318021,Pramveien 29,4624,KRISTIANSAND S,
Frisører,ABBAS PRESLEY FRISØR,935260205,Prinsens gate 6,3211,SANDEFJORD,
Frisører,ABC FRISØR CHAER,930988545,Brugata 17B,0186,OSLO,
Frisører,ABC HÅRSENTER V/ RANVEIG BRÅTEN,935626005,Askveien 3,3510,HØNEFOSS,
Frisører,ABC HÅRSENTER V/ASTRID NYMOEN,970102353,Aklangveien 16,3519,HØNEFOSS,
Frisører,ABDEL GHALIOUM FRISØR,933382729,Nonnegata 32C,7014,TRONDHEIM,
Frisører,ABDI LEVIN FRISØR 366,935178444,Meierigata 10,4340,BRYNE,
Frisører,ABDI LEVINN FRISØR 366 AS,937730888,Meierigata 10,4340,BRYNE,2026-05-05
Frisører,ABDI NASIR HUSSEIN ALI,937109016,Gruegata 15,0652,OSLO,
Frisører,ABDIRAHMAN HASSAN,933140229,Storgata 39,0182,OSLO,
Frisører,ABDU PROFRISØR,937109504,Skarvøyveien 41,4517,MANDAL,
Frisører,ABDULLAHI SAID MOHAMED,936404375,Vestfoldgata 4,0656,OSLO,
Frisører,ABDULSALAM SCANDI TASTE ENK,937013078,Slemmestadveien 643B,3470,SLEMMESTAD,
Frisører,ABEBA TESFAY FRISØR,937527985,Breigata 10,0187,OSLO,
Frisører,ABED BARBER SHOP AS,936130380,Tyinvegen 14,2900,FAGERNES,2025-07-22
Frisører,ABEL NAMSOS AS,984913710,Abel Meyers gate 10,7800,NAMSOS,2002-09-16
Frisører,ABELSETH FRISØR,919788569,Rådstugata 2,6003,ÅLESUND,
Frisører,ABIDAR RADA,978667791,Bakkeveien 2,1415,OPPEGÅRD,
Frisører,ABM HÅRDESIGN MOLVIK,986199756,Fyllingsnesvegen 125,5913,EIKANGERVÅG,
Frisører,ABO KERSHA ENK,935072395,Sollerudveien 28,0283,OSLO,
Frisører,ABOUDIS WORLD,936905900,Lofsrudhøgda 81a,1281,OSLO,
Frisører,ABRAHAM FRISØR IBRAHIM KHALIL IBRAHIM MUHARRAM,921719841,Sverresgate 9,3916,PORSGRUNN,
Frisører,"ABSÔLUTE BEAUTY STUDIO, BUNESCU",931763741,Jettegryta 71,1405,LANGHUS,
Frisører,ABSTRAKSJON BANASKIEWICZ,928908410,Økernveien 149,0580,OSLO,
Skjønnhetspleie,"""FAVORITE"" BEAUTY STUDIO BY YANA PAVLENKO",936306047,Langgata 64,4306,SANDNES,
Skjønnhetspleie,1010MICROBLADING NAMSOS THUNSUDA SIANGBUN KJELBOTN,919458666,St. Olavs gate 3,7800,NAMSOS,
Skjønnhetspleie,1820 SKIN CLINIC AS,929526678,Wilses vei 1A,1820,SPYDEBERG,2022-06-20
Skjønnhetspleie,1982 DIANA TIARI,923799753,Parkveien 64,0254,OSLO,
Skjønnhetspleie,2 SØSTRE - / BEATE BAKKE,999042147,Bedriftsvegen 65,3735,SKIEN,
Skjønnhetspleie,20NAILS&TATTOO CIESIELSKA,930295167,Øyragata 8,6887,LÆRDAL,
Skjønnhetspleie,2CE NAIL BEAUTY AS,832950602,Gamleveien 88,1461,LØRENSKOG,2024-01-24
Skjønnhetspleie,3C NAILS SALON NGUYEN,933760995,Ragnhild Schibbyes vei 26,0968,OSLO,
Skjønnhetspleie,3D LASHES AND NAILS IRYNA BOJKE,918123121,Neset 79D,5267,ESPELAND,
Skjønnhetspleie,3SH HABTE,929422686,Ole Brumms vei 26,0979,OSLO,
Skjønnhetspleie,4 DREAMS REMEZIENE,917288003,Wessels veg 2B,2005,RÆLINGEN,
Skjønnhetspleie,4BEAUTY BEATA GLICA,924023562,Symreveien 10,8450,STOKMARKNES,
Skjønnhetspleie,4U HAIR BODY STYLE AS,979896026,Vårveien 24,3024,DRAMMEN,1998-05-21
Skjønnhetspleie,5 ZENZES AS,817539602,Josefines gate 26,0351,OSLO,2016-07-21
Skjønnhetspleie,7TH HEAVEN SANDRA HOLM-JOHANSEN,920561446,Fagerholtveien 134,1765,HALDEN,
Skjønnhetspleie,92NAILBEAUTY HUYNH,934017811,Bekkenstenveien 40,0976,OSLO,
Skjønnhetspleie,A LASHES V/ AMY HUYNH,932436086,Brekkeveien 3C,1430,ÅS,
Skjønnhetspleie,A-CUT FRISØR Siw Merethe Gjelsvik,979124600,Torget 2,3181,HORTEN,
Skjønnhetspleie,A-NAILS AGNE BUKAUSKAITE,913140869,Sundvesvegen 22,5713,VOSSESTRAND,
Skjønnhetspleie,A-ROOM BEAUTY STUDIO ANASTASSIA RASTROGINA,917585202,Johan Scharffenbergs vei 99,0694,OSLO,
Skjønnhetspleie,A.M BRASIL ANTONIA MARIA ASSIS DE LIMA,918846425,Eråk 27,6888,BORGUND,
Skjønnhetspleie,A' DRONKA BEAUTY & ACCESSORIES,925829560,"U0101, Svartskjervegen 8",6017,ÅLESUND,
Skjønnhetspleie,A/B SALONGEN BENIGNA DEL CARMEN TRONCOSO,993342092,Prinsens gate 7,1530,MOSS,
Skjønnhetspleie,A&D STUDIO BY SKOTTE,927219263,"Bolignr., Kongens gate 9",6002,ÅLESUND,
Skjønnhetspleie,A&E LUXURY AS,925572241,Gamleveien 88,1461,LØRENSKOG,2020-07-15
Skjønnhetspleie,A&K BEAUTY ROOM AUSRA KOMAROVIENÉ,917500029,Spondalen 62,5121,ULSET,
Skjønnhetspleie,A&M BEAUTY POINT AS,936795161,Tøyengata 36A,0578,OSLO,2025-10-22
Skjønnhetspleie,A2 HUDKLINIKK AS,919394994,Nedre Korskirkeallmenningen 2,5017,BERGEN,2017-07-05
Skjønnhetspleie,AB.BEAUTY.NO BAIDAN,937172362,Vallageila 1,6153,ØRSTA,
Skjønnhetspleie,ABC.MOTE v/Gro Kristiansen,993034983,Martin Skatvedts vei 1,0950,OSLO,
Skjønnhetspleie,ABDUL HADI CREATIVE,930498629,Vollebekkveien 4A,0598,OSLO,
Skjønnhetspleie,ABDULRAHMAN RAED ABDULRAHMAN SERVICE,926390104,Steindiket 9,8023,BODØ,
Skjønnhetspleie,ABEAUTY STATKUTE,933176436,Høgeholvegen 52,4054,TJELTA,
Skjønnhetspleie,ABELLE BRIEDE,933312917,Kokkervika 22B,6057,ELLINGSØY,
Skjønnhetspleie,ABRAMCHENKO COSMETOLOGY,936062733,Søster Mathildes gate 45,1473,LØRENSKOG,
Skjønnhetspleie,ABSOLUTE DAY AS,932160420,Rådmann Paulsens gate 32,1461,LØRENSKOG,2023-09-01
Skjønnhetspleie,ABSOLUTT HUDPLEIE PW WEGIERSKA,918550895,Haldenveien 695,2016,FROGNER,
Skjønnhetspleie,ABYNAIL GIRNIUTE,930712418,Murabrauta 11,6062,BRANDAL,
Skjønnhetspleie,ACE BEAUTY KARI KRISTY CABRERA ACEVEDO,924535970,Øvre Holen 3,5163,LAKSEVÅG,
Skjønnhetspleie,ACTION BEAUTY AS,994266705,"c/o Elisabeth Sætrum, Fleslandsvegen 228",5258,BLOMSTERDALEN,2009-06-24
Skjønnhetspleie,AD FONTE KLINIKKEN AS,929270053,Nymoens torg 4A,3611,KONGSBERG,2022-04-01
Skjønnhetspleie,AD FONTE KLINIKKEN WELLE,912432483,Skolegata 11,3611,KONGSBERG,
Skjønnhetspleie,"AD LASHES BEAUTY, DITKUTE",928140415,Signalvegen 23,3734,SKIEN,
Skjønnhetspleie,ADA SALONG AGA,925364827,Inndalsveien 104,5063,BERGEN,
Skjønnhetspleie,ADEL NAILS,835545342,Tjernlia 44,1279,OSLO,
Skjønnhetspleie,ADELAINE KROGSÆTER MASKE OG HÅRDESIGNER,924593954,Løvåsbakken 11,5145,FYLLINGSDALEN,
Skjønnhetspleie,ADELE RAVN-MARTINUSSEN,936216765,Stortorget 5,9008,TROMSØ,
Skjønnhetspleie,ADELINA TODOR BEAUTY CENTER,927653273,Nedre Strandgate 35,6005,ÅLESUND,
Skjønnhetspleie,ADELISA SALIHBASIC,935411769,Vollakroken 9,1940,BJØRKELANGEN,
Tannleger,7 FJELL KJEVEORTOPEDI AS,925820148,Folke Bernadottes vei 38,5147,FYLLINGSDALEN,2020-09-30
Tannleger,A & S COMPOSITT AS,997887107,Bøveien 2,1389,HEGGEDAL,2012-01-05
Tannleger,A AFRIDI,927431416,Knut Alvssons vei 1,0574,OSLO,
Tannleger,A C HVOSLEF AS,991606351,Schiøtts vei 2B,0286,OSLO,2007-08-16
Tannleger,A. KARAMIPOURSHAMSABADI,817254292,Torggata 71,2317,HAMAR,
Tannleger,A. MAHMOOD TANNLEGE,934450647,Gamleveien 120D,1475,FINSTADJORDET,
Tannleger,A. VARRENG TANNKLINIKK AS,935114446,Stortorvet 5,1607,FREDRIKSTAD,2025-02-11
Tannleger,A1 TANNLEGEN KELLARI AS,996329534,Strømsbusletta 7B,4847,ARENDAL,2010-12-13
Tannleger,A1 TANNLEGEN KIRKEDAM AS,978634435,"c/o Arendal Tannklinikk AS, Åsbieveien 2",4848,ARENDAL,1997-06-05
Tannleger,ABC TANNKLINIKKEN AS,897039052,Olav Tryggvasons gate 24,7011,TRONDHEIM,2011-07-06
Tannleger,ABDELGHANI DENTAL,925685445,Smalgangen 25,0188,OSLO,
Tannleger,ABEDELFATTAH OMER,919640170,Herlaugsbakkane 57,5135,FLAKTVEIT,
Tannleger,ABELGÅRDEN TANNKLINIKK AS,980399621,"2. etasje, Falkenborgvegen 35C",7044,TRONDHEIM,1998-12-21
Tannleger,ABRA DENTAL AS,931185659,Trosterudstien 8E,0778,OSLO,2023-03-27
Tannleger,ABU ZAHU,937159722,Tåsenveien 99,0873,OSLO,
Tannleger,AC HOPLAND,932912430,Kvassnesvegen 28,5914,ISDALSTØ,
Tannleger,ACCEPT DENTAL AS,930081523,Stasjonsgata 70,3300,HOKKSUND,2022-09-09
Tannleger,ADAM ABRAHAM YOHANNES,918092447,"Storgata Tannklinikk, Storgata 39",0182,OSLO,
Tannleger,ADB OSLO PRIVATE TANNLEGEVAKT AS,989049135,Hansteens gate 3,0253,OSLO,2005-11-01
Tannleger,AESAR DENTAL AS,932366282,Sorgenfrigata 15A,0365,OSLO,2023-08-15
Tannleger,AETERNITUS INVEST AS,820272862,Tronesgeilen 9,4317,SANDNES,2018-01-02
Tannleger,AFAS 080426-03 AS,937572182,Kongens gate 49,8514,NARVIK,2026-04-08
Tannleger,AFH CONSULT AS,927582317,Ørebekk allé 8A,1624,GRESSVIK,2021-06-25
Tannleger,AFNAN DENTAL AS,997686977,Haugsåsen 50,1350,LOMMEDALEN,2011-10-27
Tannleger,AG AS,980882888,"c/o Harald Ag, Stuertvegen 19",9014,TROMSØ,1998-12-28
Tannleger,AGDER DENTAL AS,923202412,Storgaten 71,4877,GRIMSTAD,2019-07-21
Tannleger,AGER AS,989220608,Madlavollveien 18,4041,HAFRSFJORD,2005-12-16
Tannleger,AGNELL HOLDING AS,925278815,"c/o Olav Hoff Petersen, Ole Jacob Brochs gate 1B",0454,OSLO,2020-06-18
Tannleger,AGNES BIRGITTE WALTER RUTHERFORD,915591272,Glemmengata 8,1608,FREDRIKSTAD,
Tannleger,AGNES HORVATH,930734373,Frode Rinnans veg 92,7050,TRONDHEIM,
Tannleger,AGNETAS AS,926307975,"C/o Agneta Dalheim, Lumberodden 28",4621,KRISTIANSAND S,2020-11-01
Tannleger,AGUILA AS,917253781,Gloppegata 25,5529,HAUGESUND,2016-05-12
Tannleger,AHF EIENDOM AS,999582982,Ole Nordgaards veg 58,7049,TRONDHEIM,2013-01-02
Tannleger,AHMAD REZA GHARESSI,986058214,Åses vei 17,1336,SANDVIKA,
Tannleger,AHMET ADEMI,986167153,Rødstuveien 2,0572,OSLO,
Tannleger,AHMETI DENTAL,932519895,Nåkkves vei 5,0670,OSLO,
Tannleger,AHZ AS,929528387,Tjørnahaugvegen 13,5545,VORMEDAL,2022-06-22
Tannleger,AI DENTAL TEKNIKK AS,934153707,Langeløkka 12,3029,DRAMMEN,2024-06-27
Tannleger,AINI HOLDING AS,927628465,Edvinvegen 2,8664,MOSJØEN,2021-08-11
Tannleger,AISHA KAUSAR AS,937275463,Jerikoveien 1,1067,OSLO,2026-02-11
Tannleger,AISHA KAUSAR TANNKLINIKK,925429384,Elgtråkket 6D,1270,OSLO,
Tannleger,AJHT HOLDING AS,930372188,Torget 2,6413,MOLDE,2022-09-07
Tannleger,AJSELA HADZALIC,997841999,Otto Sogns vei 17,0681,OSLO,
Tannleger,AKARO AS,928349128,Terneveien 10,4621,KRISTIANSAND S,2021-10-28
Tannleger,AKEMI VIGEN,986729747,Helgesens gate 21,0553,OSLO,
Tannleger,AKER BRYGGE KJEVEORTOPEDI AS,921229097,"v/ Zachrisson, Grundingen 6",0250,OSLO,2018-06-24
Tannleger,AKERSGATA TANNLEGEKONTOR AS,929549600,Akersgata 51,0180,OSLO,2022-07-03
Tannleger,AKSB AS,936962289,Sofustrøa 4,7070,BOSBERG,2025-12-22
Tannleger,AKSDAL TANNKLINIKK AS,913899962,Aksdal Senter,5570,AKSDAL,2014-06-16
Rørleggere,123 EIENDOM HOLDING AS,934570219,Stokkedalen 134,5151,STRAUMSGREND,2024-11-13
Rørleggere,24/7 RØRLEGGERVAKTEN AS KONKURSBO,937417462,Lindeberg næringsvei 20,1067,OSLO,2026-03-24
Rørleggere,24/7 RØRLEGGERVAKTEN AVD ØSTFOLD AS,931077309,Jacobine Ryes vei 88,0987,OSLO,2023-03-15
Rørleggere,24/7 RØRLEGGERVAKTEN AVD. JÆREN AS,928143139,Fåhadlet 78,4160,FINNØY,2021-10-21
Rørleggere,24/7 RØRLEGGERVAKTEN AVD. STAVANGER AS,927497484,Fåhadlet 78,4160,FINNØY,2021-06-29
Rørleggere,24/7 RØRSERVICE AS,834521962,Tante Ulrikkes vei 57,0984,OSLO,2024-11-19
Rørleggere,24T OSLO RØRSERVICE AS,935028965,Nedre Skøyen vei 11,0276,OSLO,2025-01-22
Rørleggere,24T RØRSERVICE AS KONKURSBO,934589343,Nedre Skøyen vei 11,0276,OSLO,2024-12-03
Rørleggere,2KN RØR-SERVICE AS,917790558,"Kontorfellesskapet EXACTA Services, Akersgata 41",0158,OSLO,2016-09-08
Rørleggere,2TAL VVS Frank Hytten,990747865,Mor Smes veg 6H,2008,FJERDINGBY,
Rørleggere,3 CA HOLDING AS,988882461,Åsgårdstrandsveien 216,3153,TOLVSRØD,2005-10-31
Rørleggere,5 STARS VVS SERVICE AS,927110660,Hauketoveien 7B,1266,OSLO,2021-03-22
Rørleggere,6287 HOLDING AS,932574322,"c/o Mats Gjerdet, Solberg vestli 100",2020,SKEDSMOKORSET,2023-11-22
Rørleggere,69 GRADER RØR AS,931689533,Olderdalsveien 567,9146,OLDERDALEN,2023-05-28
Rørleggere,A & A POOL AS,913381742,Trondheimsveien 740,1481,HAGAN,2014-03-11
Rørleggere,A & JT FRIGSTAD HOLDING AS,925250473,Krittveien 77,4636,KRISTIANSAND S,2020-06-09
Rørleggere,A & S INVEST AS,924811749,Stauslandsveien 106C,4640,SØGNE,2020-02-11
Rørleggere,A ANDERSSONS RÖR AB,992458984,Ånnebol,,67040 ÅMOTFORS,
Rørleggere,A TEAM RØRLEGGER SERVICE SANDERUD,927857235,Nord-Odalsvegen 652,2100,SKARNES,
Rørleggere,A TITLESTAD AS,959643350,Dyngelandsvegen 102A,5226,NESTTUN,1991-01-03
Rørleggere,A W KARLSEN AS,991831495,Våleveien 29,3083,HOLMESTRAND,2007-10-12
Rørleggere,A-R HELGEMO HOLDING AS,917841012,"c/o Arnt Roar Helgemo, Singsås",7387,SINGSÅS,2016-09-21
Rørleggere,A-R HELGEMO VVS AS,932538121,Hindbjørgveien 4,7387,SINGSÅS,2023-10-30
Rørleggere,A-SPT PROTECTIVE SOLUTIONS GMBH,931722824,Zechenstrasse 4,,DE-45772 MARL,
Rørleggere,A. M. VIK AS,977458412,,6140,SYVDE,1997-03-31
Rørleggere,A.B. RØR AS,932257955,Sørskogvegen 8,4364,SIREVÅG,2023-09-29
Rørleggere,A.I.VENT AS,998732328,"c/o Vitalijus Rudzinskas, Eikskollen 4",1443,DRØBAK,2012-08-14
Rørleggere,A.KOSMO HOLDING AS,932488329,Markvollveien 30,8804,SANDNESSJØEN,2023-10-13
Rørleggere,A.M. FISKAA AS,929230922,"c/o Are Fiskaa, Myrane 5",6143,FISKÅ,2022-02-23
Rørleggere,A/S Edvardsen Eiendom,946926140,Storgaten 52,8200,FAUSKE,1988-03-01
Rørleggere,A&M VVS AS,936343104,Tiurveien 7,3258,LARVIK,2025-10-03
Rørleggere,AB HÅNDVERKER AS,935906490,Christian Michelsens gate 60E,0568,OSLO,2025-07-16
Rørleggere,ABC RØR AS,948744805,Vækerøveien 169A,0751,OSLO,1987-05-19
Rørleggere,ABC RØR BERGEN AS,936165036,Lappen 19,5009,BERGEN,2025-09-04
Rørleggere,ABC RØR VIKEN AS,932690667,"c/o Daria Anna Skora, Opstadveien 52B",1719,GREÅKER,2023-12-01
Rørleggere,ABC RØR VIKEN AS TVANGSAVVIKLINGSBO,937809123,"c/o Daria Anna Skora, Opstadveien 52B",1719,GREÅKER,2026-06-01
Rørleggere,ABC RØRTEKNIKK AS,933372308,Nedre Kongerød 39,3737,SKIEN,2024-04-01
Rørleggere,ABC-RØR AS,986715223,Storgata 113,3262,LARVIK,2004-01-01
Rørleggere,ABD HOLDING AS,913750985,Rådhusveien 11,7100,RISSA,2014-05-15
Rørleggere,ABDUL MAJID INSTRUMENT,932756870,Prestholen 4,4313,SANDNES,
Rørleggere,ABDUL RØRSERVICE,935759870,Bryn skolevei 22S,1348,RYKKINN,
Rørleggere,ABJOH HOLDING AS,974444275,Torridalsveien 152,4630,KRISTIANSAND S,1995-04-24
Rørleggere,ABK RØRSERVICE AS,990711224,Larvikgaten 4,3117,TØNSBERG,2007-01-02
Rørleggere,ABRS RØR SÆTRE AS,899327632,Mellomdammen 35,3475,SÆTRE,2012-12-17
Rørleggere,ABTEK INTERNATIONAL,836276922,Hydrovej 3,,DK-6270 TØNDER,
Restauranter/kaféer,0186 BARDRIFT AS,929431650,Markveien 35A,0554,OSLO,2022-06-03
Restauranter/kaféer,2 GODE VENNER AS,924534796,C. J. Hambros plass 5,0164,OSLO,2020-01-20
Restauranter/kaféer,2.ETG AS,937027796,Rådhusgata 22,4200,SAUDA,2026-01-13
Restauranter/kaféer,2MT HOLDING AS,923438114,Industrigata 1,4307,SANDNES,2019-07-05
Restauranter/kaféer,5 BAR AS,919880481,Økernveien 182,0580,OSLO,2018-01-24
Restauranter/kaféer,501 DART & PUB DA,933919943,Storgata 47,2870,DOKKA,2024-05-01
Restauranter/kaféer,7FJELL HUSET AS,936552714,Nikolaikirkeallmenningen 1E,5003,BERGEN,2025-10-03
Restauranter/kaféer,7NULL4 AS,915264964,Heggevegen 4,2656,FOLLEBU,2015-03-20
Restauranter/kaféer,8'ERN AS,928177068,"c/o Hilde M. Rødsjø, Tungaveien 78",7130,BREKSTAD,2021-11-10
Restauranter/kaféer,A R EXPERIENCES AS,932581930,"c/o Ahadur Rahman, Nygaten 3",4838,ARENDAL,2023-11-11
Restauranter/kaféer,AC BLAZE AS,993581992,Grensen 1,0159,OSLO,2008-12-01
Restauranter/kaféer,AC-MARINE AS,913000978,Vrengen 5,4824,BJORBEKK,2013-12-20
Restauranter/kaféer,ADAMS COFFEE AS,925656135,Gamle Stokkavei 1,4313,SANDNES,2020-08-05
Restauranter/kaféer,ADAS BARDRIFT AS,932332647,"c/o Murat Uruç, Steinveien 1",1453,BJØRNEMYR,2023-10-13
Restauranter/kaféer,ADONAI AS,920296165,Sødalsveien 22,4630,KRISTIANSAND S,2018-01-16
Restauranter/kaféer,ADRIATIC BAR OG CATERING AS,820719972,Vågsgata 16A,4306,SANDNES,2018-03-09
Restauranter/kaféer,AGA GRUPPEN AS,933222586,Apotekerveien 20,1653,SELLEBAKK,2024-03-15
Restauranter/kaféer,AGLEN & SLYNGSTADLI AS,991449191,Djupedalsfaret 27,3280,TJODALYNG,2007-06-28
Restauranter/kaféer,AGLEN OG LIENS PUB AS,920282911,"c/o Asbjørn Lien, Sanden 28",3264,LARVIK,2018-01-05
Restauranter/kaféer,AHO PUB FORENINGEN,933566501,Maridalsveien 29,0175,OSLO,2024-02-28
Restauranter/kaféer,AIDIA HOLDNING AS,934617495,Vestlisvingen 26,0969,OSLO,2024-11-01
Restauranter/kaféer,AKELEO LATIN BAR AS,925641464,Skjalgs gate 31B,4041,HAFRSFJORD,2020-09-09
Restauranter/kaféer,AKTIVITETSBAR AS,936004636,Pilestredet 15B,0164,OSLO,2025-06-27
Restauranter/kaféer,AL MERI NAUSTET AS,934082419,Stangs gate 2A,3179,ÅSGÅRDSTRAND,2024-08-22
Restauranter/kaféer,ALF NABOLAGSBAR AS,913551125,Darres gate 1,0175,OSLO,2014-04-21
Restauranter/kaféer,ALIBI FREDRIKSTAD AS,922875995,"c/o Viego Regnskap AS, Markens gate 5",4610,KRISTIANSAND S,2019-05-07
Restauranter/kaféer,ALISIA AS,834061392,Gate 1 88,6700,MÅLØY,2024-08-20
Restauranter/kaféer,ALKEMISTEN BAR AS,933276325,Pløens gate 4,0181,OSLO,2024-02-28
Restauranter/kaféer,ALLÉEN AS,932762641,Bygdøy allé 21,0262,OSLO,2023-11-14
Restauranter/kaféer,ALLÉEN AS KONKURSBO,937591071,Bygdøy allé 21,0262,OSLO,2026-04-22
Restauranter/kaféer,ALVA VINBAR AS,935441978,Reset 21B,5208,OS,2025-04-15
Restauranter/kaféer,ANDERSEN BAR OG SELSKAPSLOKALE,930897418,"c/o Milano Pizzeria, Hurumveien 62",3474,ÅROS,
Restauranter/kaféer,ANDYS PUBDRIFT AS,887160872,Stortingsgata 8,0161,OSLO,2004-08-16
Restauranter/kaféer,ANNE LOUISE JUVBERGET PUB BEDRIFT.,995845709,Fridtjof Nansens gate 1,8480,ANDENES,
Restauranter/kaféer,ANNIGE BAR AS,924779489,Gamle Åslandsvegen 9,4355,KVERNALAND,2020-03-04
Restauranter/kaféer,ANRE EIENDOM AS,917718261,Dr. Wessels gate 16,9900,KIRKENES,2016-08-09
Restauranter/kaféer,ANS GABI-VT Ingebrigt Tveite og Gunn Iren Vangsnes,956918685,,5713,VOSSESTRAND,1990-03-08
Restauranter/kaféer,APOLLON TØNSBERG AS,926572091,Rådhusgaten 4,3126,TØNSBERG,2021-01-08
Restauranter/kaféer,APPROACH PUB JOHN BØRRE FJÆRLI,923658270,Moa park 4,6018,ÅLESUND,
Restauranter/kaféer,ARBEIDERGATA RESTAURANTDRIFT AS,992219076,"c/o Raymond Stubben, Toftes gate 41A",0552,OSLO,2008-01-01
Restauranter/kaféer,ARBEIDERN AS,937467494,Dreyers gate 72,8312,HENNINGSVÆR,2026-02-21
Restauranter/kaféer,ARCTIC FOOD & DRINKS AS,921668317,Sjøgata 10,9600,HAMMERFEST,2018-10-15
Restauranter/kaféer,ARCTIC NIGHTLIFE AS,925125830,Storgata 68A,9008,TROMSØ,2020-05-07
Restauranter/kaféer,ARILD J. RINGSTAD'S GARAGE RINGSTAD,937739028,Smiuvegen 3,2150,ÅRNES,
Restauranter/kaféer,ART & MAT AS,976604288,Thorvald Meyers gate 30,0555,OSLO,1996-07-24
Restauranter/kaféer,ARTICO CHRISTMAS HOUSE AS,986526684,Sjøgata 1A,9750,HONNINGSVÅG,2004-01-30
Restauranter/kaféer,AS IRISHMAN,914754445,Høleberggata 9,4006,STAVANGER,2014-12-11
Restauranter/kaféer,ASIAN KARAOKE OG BAR AS,926335529,Storgata 51,3256,LARVIK,2020-12-01
Restauranter/kaféer,ASKIM CORNER BAR DA,818302312,Rådhusgata 21,1830,ASKIM,2016-11-11
